uid,platform,source,rating,text,discovery_relevant,primary_theme,new_category_barrier,purchase_trigger,consideration_level,categories_mentioned,jtbd,external_platform,segment_signal,sentiment
playstore_37d4f87e-11b9-4632-9696-135d312c0918_40,blinkit,playstore,1.0,I ordered Amul Kheer from Blinkit today but the kheer was completely spoiled and had a very bad smell and taste. It was not fit for consumption at all. Very disappointing experience. Blinkit should ensure proper quality checks before delivering food products.,False,trust_quality,none,replenishment,low,['grocery_staples'],none,none,unknown,negative
playstore_b4da47ed-d829-4bc8-a7ba-c61f55c802c6_59,blinkit,playstore,5.0,Very Very Good Quality Fast Speed Delivery & Delivery Boy Good,False,other,none,unknown,unknown,[],none,none,unknown,positive
playstore_bf349ce9-46ba-4f86-9043-f7125436e31c_89,blinkit,playstore,3.0,best option for purchase quality and quantity,False,other,none,unknown,unknown,[],none,none,unknown,positive
playstore_9aecfa90-05aa-40c7-aacc-e20f2e741dae_101,blinkit,playstore,1.0,"the worst delivery app, they dont deliver in time also the delivery partners don't even lift the call, please don't install this app it's waste of time use zepto or flipkart minutes or Swiggy Instamart.",False,delivery_ops,none,unknown,unknown,[],none,zepto,unknown,negative
playstore_0c84533c-2bef-47dd-b847-20f1b59d920b_119,blinkit,playstore,1.0,very bad experience. not good quality even we got half bottle of soda seal was broken also date expired. I recommended avoid order it's better to go market.,False,trust_quality,none,replenishment,unknown,['snacks_beverages'],none,offline,unknown,negative
playstore_c1c8585f-680f-4ef8-8418-a44a773dc9c8_244,blinkit,playstore,3.0,Poor quality product and delayed delivery,False,delivery_ops,none,unknown,unknown,[],none,none,unknown,negative
playstore_b248dbf5-18dc-4063-8e38-a14164525380_274,blinkit,playstore,5.0,meets the emergency requirement. Makes life easier at difficult times.,False,other,none,urgent_need,unknown,[],"when faced with an emergency, I want quick access to supplies, so I can manage difficult situations.",none,unknown,positive
playstore_b0be9709-db02-479c-a694-c6e03ef76cb0_281,blinkit,playstore,1.0,out of 9 orders I have received 7 orders as damaged or leaked or expired. Pls do not use this app.,False,delivery_ops,none,unknown,unknown,['other'],none,none,unknown,negative
playstore_da9c9a34-c103-400e-b286-3a7694926303_298,blinkit,playstore,5.0,No description needed 😍,False,other,none,unknown,unknown,[],none,none,unknown,positive
playstore_d2d7d8d1-8aec-4ccd-b7d0-d7793676edc1_301,blinkit,playstore,3.0,App is fine but the quality of their items and policy is poor,False,trust_quality,none,unknown,unknown,[],none,none,unknown,negative
playstore_2a296de5-fd0c-4870-b3cc-b45683c28270_304,blinkit,playstore,5.0,"a very useful app for daily needs, loved it",False,other,none,unknown,unknown,[],none,none,unknown,positive
playstore_0d0b5523-a171-4a3c-94b6-34fb9f45f933_305,blinkit,playstore,1.0,"I ordered a Citizens 2-fold umbrella based on the product images but received a completely different local umbrella. The delivery partner left without allowing me to check it. Customer support made the return process frustrating, asked me to travel back to the delivery location, couldn't accept gallery images, and then closed my complaint without resolving it. Very disappointing service and misleading product listing. very poor experience we will never order from this app...",False,returns_support,none,unknown,unknown,['other'],none,none,unknown,negative
playstore_59f1bf40-58b2-46e2-b943-07b758c924fb_307,blinkit,playstore,3.0,one time delivery free then cost so much as shown delivery fee s and gst and 30 rs extra over all ok ok review,False,price_value,none,unknown,unknown,[],none,none,unknown,negative
playstore_e0aee9e9-22b8-4521-989f-2facc624202c_309,blinkit,playstore,5.0,excellent performance and good quality,False,other,none,unknown,unknown,[],none,none,unknown,positive
playstore_5de0fa11-ad50-4b1f-8724-108fc1ca7c96_351,blinkit,playstore,5.0,I truly trusted on this app ...Very easy to use and delivery time also good,False,other,none,unknown,unknown,[],none,none,unknown,positive
playstore_760203dc-d29f-4aa0-8826-80611e62beb6_356,blinkit,playstore,1.0,"I had ordered biscuits but all are like smaash, few months back also I had ordered that also same things, I hv ordered for somebody n don't hv time to replace or raise complaint.",False,trust_quality,none,replenishment,low,['snacks_beverages'],none,none,autopilot_narrow,negative
playstore_d1f267f2-91b6-4f76-8419-73a4ea89cf1d_367,blinkit,playstore,5.0,good quality of food,False,other,none,unknown,unknown,['grocery_staples'],none,none,unknown,positive
playstore_2900321a-f7b2-4ba5-87fc-52409c5b8008_370,blinkit,playstore,1.0,"This is the biggest fraud app, i have ever seen, with no accountability towards customer. No customer care number, i have all email admitting their mistakes, but at the end they said we can't replace the items, but we fully admit mistake, this is the work ethics they have, these guyz have no spine and no arguements to defend them, wishing them luck. These reviews donot have the option to attach the answers they gave me, otherwise would have posted it here.",False,returns_support,none,unknown,unknown,[],none,none,unknown,negative
playstore_7cc03c4c-3877-4d6c-b0ee-84e66d0c7df5_377,blinkit,playstore,1.0,before open the any pocket check the expiry date. i have a bad experience i received expired date item,False,trust_quality,none,replenishment,low,['grocery_staples'],none,none,unknown,negative
playstore_bc56993a-ae5d-4eb5-af36-6c419adb6d61_424,blinkit,playstore,5.0,I'm just fan of blinkit but I have one suggestion minimum oder price for free delivery 99rs hona chaiye yr because most off time itna kuch oder dena ni hota but delivery ke 30rs lgte h or 199 pr free delivery some time itne product ni chiaye hote ya rs ni lgane hote so please free delivery 99rs ke oder pr bhi do please I have request for this that response it's so good I hope mera suggestions accpat kre or improve kre 99rs pr bhi free delivery kre,False,price_value,none,unknown,unknown,[],none,none,unknown,neutral
playstore_7876c524-d157-4b60-89f7-7827de2e2e5f_427,blinkit,playstore,3.0,Should integrate amazon pay later when you have it in the district should be here too.,False,app_ux,none,unknown,unknown,[],none,amazon,unknown,neutral
playstore_644ecac9-4f76-496b-8b5f-33ca8f480256_443,blinkit,playstore,1.0,"Very disappointing experience with Blinkit. I received a product that appeared to have been opened before delivery and had functional issues. I contacted customer support multiple times, explained the problem clearly, and provided the required details, but I did not receive a proper resolution. Instead of helping me with a return or refund, Blinkit kept repeating the same response and eventually closed my complaint without resolving the issue. I trusted Blinkit to deliver genuine, new products,",False,returns_support,none,unknown,unknown,['other'],none,none,unknown,negative
playstore_1e0b9e9c-1724-48b5-88a9-c19d2cd9d6b0_453,blinkit,playstore,5.0,guys trust me this is the best app ever like you get your dilivery on the given time or even earlier this so good. I am so happy with they're service 😀,False,other,none,unknown,unknown,[],none,none,unknown,positive
playstore_57499d17-ad19-41d5-8c35-c67e8d4ca4ca_477,blinkit,playstore,5.0,bhoth acha app hai bhoth achhi service bhi h emergency m h kuch bhi ghr baithe mnga skte haii,False,other,none,unknown,unknown,[],none,none,unknown,positive
playstore_95adde35-9c15-45b9-a8fe-e5f7367b09d9_495,blinkit,playstore,5.0,awesome.. my go to app in emergency,False,habit_convenience,none,urgent_need,low,[],"when I face an emergency need, I want a fast solution, so I can resolve it quickly",none,autopilot_narrow,positive
playstore_c0f65537-5fa2-483e-b58d-073f5ae21539_502,blinkit,playstore,5.0,Good quality,False,other,none,unknown,unknown,[],none,none,unknown,positive
playstore_079d0645-8beb-4b6b-99c6-8a92e844a87d_503,blinkit,playstore,1.0,"😞 Very disappointing support. I accidentally ordered the wrong electronic item and contacted Blinkit within 5 minutes of delivery. The product was unused and unopened, but there was no return option, no live chat, and no way to contact a real support agent. I even uploaded the requested video, but got no help. Genuine customer issues deserve better support. Please improve your customer service. 💔",False,returns_support,none,unknown,unknown,['electronics_accessories'],none,none,unknown,negative
playstore_c774075e-e087-47b4-b9da-94d9bc4ed010_529,blinkit,playstore,1.0,fraud app....free gift karke gift add karte he list me but free gift nahi milta.bill me bhi free gift karke add karte he .koi fraud kar rahe he ye log.,False,returns_support,none,unknown,unknown,['other'],none,none,unknown,negative
playstore_46a74670-4a1c-45bf-97f5-501ef43a4b53_544,blinkit,playstore,1.0,this app then timing 10 minutes mins minimum 1:30 ( 01 hours 30 minutes) Wait plz. you remember it customer people. I will try lots of time.,False,delivery_ops,none,unknown,unknown,[],none,none,unknown,negative
playstore_b53f05ac-7364-4819-bf06-ee9dfc5aebe2_580,blinkit,playstore,5.0,"that app is good,I use this app almost every day nd I m very happy with their product,they provide genuine product with a good packaging,also the delivery speed is very fast,I m very happy with this app",False,other,none,unknown,unknown,[],none,none,unknown,positive
playstore_6aade65f-9565-4f60-b00e-b0cbaab71658_598,blinkit,playstore,1.0,there is no return policy,False,returns_support,none,unknown,unknown,[],none,none,unknown,negative
playstore_a0888d09-77fc-44e5-9c48-75e83f8e9e93_627,blinkit,playstore,5.0,so helpful for daily needs,False,other,none,unknown,unknown,[],none,none,unknown,positive
playstore_3993d259-4e34-4d10-8af4-b95231105523_634,blinkit,playstore,1.0,"I ordered an exam writing pad and it was broken, I raised a refund or replacement concern and then further no follow up from the support team, they even closed the issue from their own side and I'm still stuck with this unusable sheet. TERRIBLE customer support service!!!",False,returns_support,none,unknown,unknown,['stationery_printouts'],none,none,unknown,negative
playstore_4295fb98-826a-4750-ae36-9d54bf9eaa06_652,blinkit,playstore,5.0,can there be anything better than blinkit in this world ?,False,other,none,unknown,unknown,[],none,none,unknown,positive
playstore_78cf3a7d-ba23-4ac8-9311-2301153f204e_726,blinkit,playstore,5.0,nice! good app always order on time,False,other,none,unknown,unknown,[],none,none,unknown,positive
playstore_142182a6-8256-41fc-8bf6-9e017ec913a0_763,blinkit,playstore,5.0,Trusted app please soppy now,False,other,none,unknown,unknown,[],none,none,unknown,positive
playstore_5d727749-595b-462a-b505-ea9d9169a20c_773,blinkit,playstore,1.0,Low quality products. Everything I order is always covered in dust or has some or the other issue with them.,False,trust_quality,none,unknown,unknown,[],none,none,unknown,negative
playstore_d651fac0-7cc2-4109-9ca6-8df8f3031f01_782,blinkit,playstore,1.0,giving me duplicate or poor quality product,False,trust_quality,none,unknown,unknown,['other'],none,none,unknown,negative
playstore_1428b3b8-ee31-4121-b6a6-a1a937ea49a9_789,blinkit,playstore,5.0,very helpful for last minute needs,False,delivery_ops,none,urgent_need,low,[],"when I have a last-minute need, I want fast delivery, so I can get what I need urgently",none,unknown,positive
playstore_c367415b-b229-46fe-9be4-a5df08083ad3_828,blinkit,playstore,5.0,Good for emergency,False,habit_convenience,none,urgent_need,low,['other'],"when I have an urgent need, I want to use Blinkit, so I can resolve it quickly",none,unknown,positive
playstore_26c5c48d-53f1-448e-a407-5cd2e3697009_831,blinkit,playstore,5.0,"great app, can be used especially in emergency",False,other,none,unknown,unknown,[],none,none,unknown,positive
playstore_88b5cef7-36b2-41d8-ba53-3832dd9468a6_845,blinkit,playstore,5.0,"Blinkit is very convenient for quick grocery and daily essentials delivery. The app is easy to use, delivery is usually fast, and I can find most items I need. A great option when you need something urgently without going to the store.",False,other,none,urgent_need,low,"['grocery_staples', 'household_essentials']","when I need something urgently without going to the store, I want quick delivery of groceries and essentials, so I can save time and convenience",none,unknown,positive
playstore_38034a47-859d-433f-bdce-b3eb5d952baa_856,blinkit,playstore,5.0,it will nice quality products,False,other,none,unknown,unknown,[],none,none,unknown,positive
playstore_d667222b-4c73-470a-9475-1fcb1abbd2f1_861,blinkit,playstore,5.0,"⭐⭐⭐⭐⭐ Blinkit is one of the best quick delivery apps. The app is easy to use, products are available at good prices, and deliveries are usually very fast. The delivery partners are polite, and customer support is helpful whenever needed. It saves a lot of time, especially during emergencies. Highly recommended",False,other,none,unknown,unknown,[],none,none,unknown,positive
playstore_06020d3d-5380-44c3-81b8-d6ed5d93ff0b_878,blinkit,playstore,5.0,best ever fast grocries and electronics things app .best ever app,False,other,none,unknown,unknown,"['grocery_staples', 'electronics_accessories']",none,none,unknown,positive
playstore_bf4cb989-71ad-4b48-9325-e957c6a2bfc6_897,blinkit,playstore,5.0,kindly delivered right now,False,other,none,unknown,unknown,[],none,none,unknown,positive
playstore_e85f3970-3b91-4668-9702-ef7a1c42b9bf_906,blinkit,playstore,1.0,The customer service is very poor. I ordered an wired earphone and it showed that it will magnetically snap. The issue was there and the functions were not as specific to the details mentioned still customer care denied change and asked to contact brand. i recommend to use zepto and other quick commerce and not blinkit.,False,returns_support,none,search_intent,medium,['electronics_accessories'],none,zepto,unknown,negative
playstore_3818fbd2-f232-4c6b-b6d2-6addd614ad06_919,blinkit,playstore,5.0,"Great experience with the customer support team! I had to return an unstable laptop table, and the executive was very helpful in resolving the issue quickly, arranging a pickup, and processing a full refund back to my original payment source without any hassle. Super fast service.",False,returns_support,none,unknown,unknown,['electronics_accessories'],none,none,unknown,positive
playstore_9c9481a1-b1a4-4b91-9def-380e2a23319f_930,blinkit,playstore,5.0,very handy and useful at difficult times. options are plenty and all immediate daily and instant needs are satified,False,other,none,unknown,unknown,[],none,none,unknown,positive
playstore_65bf4876-da0d-4e90-956c-99fbb513a261_937,blinkit,playstore,4.0,the app is good but it doesn't deliver to my locality but it delivers to the areas which is 4 km apart so I wanted this app in ranipatra my locality because it has a variety of products from snacks to daily essentials so I request you to please deliver in my area.,False,delivery_ops,none,unknown,unknown,"['snacks_beverages', 'grocery_staples']",none,none,unknown,neutral
playstore_c68f4014-fd35-4b37-8057-2ca1fa65724d_939,blinkit,playstore,5.0,original product,False,other,none,unknown,unknown,[],none,none,unknown,neutral
playstore_1f913adc-d714-4c52-9073-8cf625b52288_943,blinkit,playstore,5.0,Best app for emergency ♨️,False,other,none,unknown,unknown,[],none,none,unknown,positive
playstore_cab15e73-aff0-4415-aebd-abc419731119_962,blinkit,playstore,1.0,"Worst app and the worst customer service. I received an incomplete item and shared all the necessary details, including the required photos and order information, but the customer support team did nothing to resolve my issue. Instead of taking responsibility, they simply refused to help. This was a very disappointing experience, and I expected much better service. I won't be using this app again, and I cannot recommend it to anyone.",False,returns_support,none,unknown,unknown,[],none,none,unknown,negative
playstore_6376baae-841f-4995-b79e-d765ea4b3182_1003,blinkit,playstore,5.0,It's true that Blinkit is everyone's last minute app😅 and a great time saver but also it has to improve with delaying skills like a request to blink it that please don't delay orders,False,delivery_ops,none,urgent_need,unknown,[],"when I need something urgently, I want Blinkit to deliver on time, so I can rely on it for last-minute needs.",none,autopilot_narrow,neutral
playstore_17a9cac7-e345-40fe-859d-9cfec1d7385a_1023,blinkit,playstore,5.0,no.1 quality,False,trust_quality,none,unknown,unknown,[],none,none,unknown,negative
playstore_e2cf4a4c-92da-47fb-9d6f-e16e9eb1dc45_1024,blinkit,playstore,1.0,very poor quality and not refund my money back 😭 and not taking blinkit assistant very bad assistant,False,returns_support,none,unknown,unknown,['other'],none,none,unknown,negative
playstore_a31f275e-00a1-498b-a791-80fdd6b06881_1046,blinkit,playstore,1.0,Two Amul lassi packs came sealed from top but tampered from bottom and empty.,False,trust_quality,none,unknown,low,['snacks_beverages'],none,none,unknown,negative
playstore_b8c81c4a-5705-4d7f-824c-b97e65ab3b91_1057,blinkit,playstore,1.0,very poor and pathetic .. u gave fault and used product and didn't replaced.. never by any electronic from blink it.. never ever. aur customer support wale to land hai ek number ke,True,returns_support,trust_quality,unknown,unknown,['electronics_accessories'],none,none,unknown,negative
playstore_50d50f90-329b-4a80-ba29-db4c782b7b35_1067,blinkit,playstore,1.0,There is no service to return the product. you have to keep the product despite it's not useful. Blinkit should start service of return the product if the product being delivered incorrect or defected product. I ordered a charger but it is not the same as I wanted. Blinkit denied to return the product because there is no such type of policy on purcha8the highly costly products. In today's era the world is in its transformation stage where you can't impose your disgusting policies.,False,returns_support,none,search_intent,medium,['electronics_accessories'],none,none,unknown,negative
playstore_8a9c050f-554f-4b0a-aaa7-443bfe352f5e_1093,blinkit,playstore,1.0,low quality products,False,trust_quality,none,unknown,unknown,[],none,none,unknown,negative
playstore_ac297dfb-83d3-478a-8133-08cf1081cd03_1095,blinkit,playstore,1.0,Blinkit has started scamming people hence giving a single rating hence uninstalling the app further. Also support team is just to waste your time.,False,trust_quality,none,unknown,unknown,[],none,none,unknown,negative
playstore_836b7990-2148-4870-8e02-ba5c23db5adf_1142,blinkit,playstore,1.0,"sabse bekaar hai, ek earbuds liya tha mene aur uspe 7 days replacement bhi tha, lekin ek shruti naam ki ladki nai replace karne ke liye mana kar diya. pls don't buy anything from blinkit.",False,returns_support,none,unknown,unknown,['electronics_accessories'],none,none,unknown,negative
playstore_f3b530b9-212b-4c14-806b-de16ae63c25f_1153,blinkit,playstore,1.0,"wrong item delivered and the store manager from katihar(bihar)branch said keep it as if he is gifting me,,, remove the items that you can't deliver and stop wasting time with the monologues",False,returns_support,none,unknown,unknown,['other'],none,none,unknown,negative
playstore_30cca867-f789-4e67-8c93-10def7de46f9_1196,blinkit,playstore,1.0,"poor experience, delivery is fast but print quality is poor and wastage is enormous",False,trust_quality,none,unknown,unknown,['stationery_printouts'],none,none,unknown,negative
playstore_c804d71e-ad10-454e-b2d6-d192b3b219ad_1205,blinkit,playstore,1.0,They send wrong item worst service of Blinkit. I will suggest not to buy from Blinkit,False,other,none,unknown,unknown,['other'],none,none,unknown,negative
playstore_6459b966-6436-4e61-9c31-188437071df3_1221,blinkit,playstore,5.0,very fast delivery and good quality product,False,other,none,unknown,unknown,[],none,none,unknown,positive
playstore_0776faf3-9711-4c37-af49-39182dbaa938_1227,blinkit,playstore,3.0,"service unavailable for most part of the evening, everyday, defeats the very purpose of blinkit. Needs serious soul searching and proving up manpower",False,delivery_ops,none,unknown,unknown,[],none,none,unknown,negative
playstore_88afc46e-45ee-472c-b22c-05e98d1d0d98_1229,blinkit,playstore,1.0,Blinkit is very Unprofessional. please really had a bad experience with them. I ordered Mini Mogra Rice and then sent Mogra Delight. Even though we called the customer support team and they were really unprofessional not ready to help first. later my husband spoke so they initiated a replacement but still the wrong item was delivered. which made us very upset that they are not helping us. Later after talking with Ayushi she initiated a refund but only after the product is returned to them. Sorry,False,returns_support,none,replenishment,low,['grocery_staples'],none,none,unknown,negative
playstore_4fb2a804-1784-41d5-b9ea-4b57af0f87f2_1239,blinkit,playstore,4.0,the delivery is very fast and all products are not expired and good,False,other,none,unknown,unknown,[],none,none,unknown,positive
playstore_4bdec419-febf-4ca8-a72d-94ce3ef46b7c_1255,blinkit,playstore,5.0,Best grocery shopping app,False,other,none,unknown,unknown,['grocery_staples'],none,none,unknown,positive
playstore_770c42e8-6a67-47f2-9726-60c282e966f6_1259,blinkit,playstore,1.0,Chefigo product sent expired date refused to change product or refund amount of product,False,returns_support,none,replenishment,unknown,['grocery_staples'],none,none,unknown,negative
playstore_d20b2795-2b77-4541-b9c2-b08459db5e3a_1268,blinkit,playstore,5.0,great experience with blinkit in my daily life,False,other,none,unknown,unknown,[],none,none,unknown,positive
playstore_f676ae84-24df-4033-91c5-e29da1b8b1df_1272,blinkit,playstore,1.0,"⭐ 1 Star Extremely disappointed with Blinkit. I purchased a Longway grinder through Blinkit, but from the very first use it doesn’t grind properly, and a burning smell comes from the motor. This clearly indicates a defective product.When I raised a complaint, Blinkit simply told me to contact the vendor instead of taking responsibility or helping with a replacement. I bought the product from Blinkit, not directly from the manufacturer,Selling Defective Products and refusing to assist customer.",False,returns_support,none,unknown,unknown,['electronics_accessories'],none,none,unknown,negative
playstore_01d4bd15-2462-4eca-8c29-2f307b3b7d63_1280,blinkit,playstore,5.0,it's a very very veryyy nice app like you can buy anything from it like anything it's literally the best last min app for me because I'm a person who forgets things quickly so I sometime forget to buy gift for my friend or any family member so I can buy the gift from blinkit !,False,other,none,unknown,unknown,['other'],"when I forget to buy a gift for a friend or family member, I want to purchase it quickly, so I can remember in time.",none,unknown,positive
playstore_1f84cd91-38cd-4733-b2f4-bf5eeeababfd_1339,blinkit,playstore,1.0,really bad in my cart a toy was added i don't know if I did or it was a bug it's cost around 511 with my other stuff and when I tried to return it to my suprise that particular item(toy - and i don't have kids) comes into non refundable policy i tried to talk to customer care but they didn't provide any solution as they can't go against the policy i have been using blinkit for 4-5 years and this is very disappointing uninstalling it and will never going to use it.,False,returns_support,none,unknown,unknown,['baby_care'],none,none,unknown,negative
playstore_b5643ac4-a957-4076-81c0-35d59d2ef4a0_1357,blinkit,playstore,5.0,bed quality product,False,trust_quality,none,unknown,unknown,['home_kitchen'],none,none,unknown,negative
playstore_a6d04f1b-a788-4bab-937f-e816e7e22ee2_1372,blinkit,playstore,1.0,"They are thief, just innovative. The are using deceptive practice ""Bait & Switch"" - like compelling customers to add more items to basket in lieu of free gift - which they do not deliver and later just say 'sorry - item was not in stock'. and they have been doing it for a long time, yet it went unnoticed. Even after complaints they do not pay a heed to it.",False,returns_support,none,unknown,unknown,[],none,none,unknown,negative
playstore_215418a9-3359-45ee-a9c3-bd961da55e37_1386,blinkit,playstore,2.0,don't buy any electronic products product showing days return policy but this people not giving any help,True,returns_support,trust_quality,unknown,unknown,['electronics_accessories'],"when I need to return an electronic product, I want reliable support, so I can trust the return policy",none,unknown,negative
playstore_363208fa-1372-4f0f-99d1-ab4aabd8c4af_1403,blinkit,playstore,5.0,good quality 💯💯,False,other,none,unknown,unknown,[],none,none,unknown,positive
playstore_444241d5-5d19-4af2-b0cf-99479352ccb4_1404,blinkit,playstore,1.0,Flipkart minutes is better then blinkit worst service ever they have many issues is returned order so don't use blinkit,False,returns_support,none,unknown,unknown,[],none,flipkart,unknown,negative
playstore_1b79119c-b167-4f4d-9846-8fab2384959a_1405,blinkit,playstore,4.0,ayo ts arrives quick as hell man ngl products are nice too bro I'll recommend ts,False,other,none,unknown,unknown,[],none,none,unknown,positive
playstore_a5aada19-f771-4d5c-aa4b-58faadfd4b18_1412,blinkit,playstore,4.0,good quality products and delivered very soon.,False,other,none,unknown,unknown,[],none,none,unknown,positive
playstore_372da2d9-2bcf-4217-915b-587b2857f9d6_1429,blinkit,playstore,5.0,"This is a very good app, we can order our daily groceries through this, it is very good and we don't have to go out and the groceries also arrive quickly..😁",False,habit_convenience,none,replenishment,low,['grocery_staples'],"when I need daily groceries, I want to order through the app, so I can avoid going out",none,autopilot_narrow,positive
playstore_42cb7bb3-0f08-4696-ade7-17e5f39a860f_1437,blinkit,playstore,5.0,Excellent quality and variety of products. Excellent delivery service too!!✨ Convenient and seamless Experience! thank you so much Blinkit.✨😊🙏,False,other,none,unknown,unknown,[],none,none,unknown,positive
playstore_85c52e5a-6257-4db4-a929-af05db3c6b85_1453,blinkit,playstore,1.0,don't purchase any electronic product. I purchased a Bajaj fan ..during warranty support Bajaj is asking for a warranty card instead of an invoice copy but blinkit is not able to provide and disconnect my call as well. wasteless while purchasing electronic item,False,returns_support,none,unknown,unknown,['electronics_accessories'],none,none,unknown,negative
playstore_d8fd89de-21c7-4a59-833c-690557756a69_1509,blinkit,playstore,1.0,cant return the order and many times get destroy or damaged product and get low quality product,False,returns_support,none,unknown,unknown,['other'],none,none,unknown,negative
playstore_f6baa558-162f-46e5-9255-e5d7e99d3e16_1517,blinkit,playstore,5.0,best platform for daily essentials,False,other,none,unknown,unknown,['grocery_staples'],none,none,unknown,positive
playstore_72df7375-539c-4f7b-acde-1c45421ee3d1_1518,blinkit,playstore,5.0,Very economic with quality products. Timely delivery on door steps,False,other,none,unknown,unknown,[],none,none,unknown,positive
playstore_0dc58e0b-501a-45ac-bab4-c5a4b2972561_1523,blinkit,playstore,1.0,"Worst app ever, no option to complain the replaced items which is still dirty, Item was replaced for providing expiry and dirty product, replaced item was in worst condition than previous yet I had no option to complain about it.",False,returns_support,none,unknown,unknown,['other'],none,none,unknown,negative
playstore_c1384605-9d34-4435-b73e-817933aff013_1550,blinkit,playstore,1.0,i ordered a remote car. there was no charging cable inside the box. when i was complaint to customer care they closed the chat. very bad experience don't order electronic devices,False,returns_support,none,unknown,unknown,['electronics_accessories'],none,none,unknown,negative
playstore_94cdb068-4234-4bb7-8cb4-cf7dcde9f8b2_1558,blinkit,playstore,4.0,since I've using this app from last 2 years but I never got a single gift thank you 😭,False,other,none,unknown,unknown,[],none,none,unknown,negative
playstore_e1f8a49f-ba69-4f51-8100-821b2008226d_1564,blinkit,playstore,5.0,best and good quality product,False,other,none,unknown,unknown,[],none,none,unknown,positive
playstore_9a67b9c1-5034-4a65-9fc1-41e6999d6423_1570,blinkit,playstore,5.0,Always helpful for my last minute needs.,False,other,none,urgent_need,unknown,[],none,none,unknown,positive
playstore_69c90e68-7915-412d-95c5-481592a0ee19_1577,blinkit,playstore,1.0,"worst app seen , it will block your cod if you cancelled one order , they will not see that the customer only cancelled one order but he used and ordered from it many times don't use this app use other applications . 1 day passed after this review , they mail me that they will provide solutions as soon as possible but no solution was provided, on playstore they replied my review , but did nothing don't use this application. worst",False,returns_support,none,unknown,unknown,[],none,other,unknown,negative
playstore_ce89ad86-fc22-4599-bda4-c98b7be56931_1581,blinkit,playstore,5.0,"⭐⭐⭐⭐⭐ Excellent quality blanket! It was delivered on time, exactly as promised. The material is soft, warm, and feels very premium. The stitching and overall finish are excellent, and it provides great comfort. I'm really happy with my purchase and the entire shopping experience. Fast delivery, great quality, and good value for money. Highly recommended!",False,other,none,unknown,unknown,['home_kitchen'],none,none,unknown,positive
playstore_3f92757a-c5b3-4936-8132-ccd6c5995f7b_1590,blinkit,playstore,5.0,"last minute saver , love it",False,other,none,urgent_need,low,[],none,none,unknown,positive
playstore_5fb480f7-6147-4dc1-af3b-defae2e5f296_1591,blinkit,playstore,1.0,ridiculous...not giving any response or resolution ....not any replacement...do hell with this app....I will uninstall this useless thing,False,returns_support,none,unknown,unknown,[],none,none,unknown,negative
playstore_67fb4ece-c797-4640-bba7-7725d6f260d6_1597,blinkit,playstore,4.0,not full details,False,other,none,unknown,unknown,[],none,none,unknown,neutral
appstore_14323387917_4,blinkit,appstore,3.0,"Just a heads-up for everyone ordering chicken from Blinkit.

Today I ordered a 450 g pack of Godrej boneless chicken. I usually don’t check the weight, but this time I was making a recipe that required exactly 450 g, so I placed it on my kitchen weighing scale.

To my surprise, the pack weighed only 380 g, not 450 g.

I contacted Blinkit, and they promptly refunded me for the shortfall, which I appreciate. However, that’s not really the point. Most customers don’t weigh their groceries every time they receive an order, so discrepancies like this can easily go unnoticed.

My suggestion to everyone is to check the weight of chicken, fish, or any other items sold by weight whenever possible. Hopefully, this was just an isolated packing error, but it’s worth being aware of.",False,trust_quality,none,replenishment,low,['grocery_staples'],none,none,unknown,negative
appstore_14322747696_14,blinkit,appstore,1.0,U guys r doing fraud these days mera ek mil expired hua no refund mera ek Oder missing hai but u guys r not giving Any solution it’s almost one month now and n keep putting mails but no solution,False,returns_support,none,unknown,unknown,['other'],none,none,unknown,negative
appstore_14322385950_26,blinkit,appstore,1.0,I have ordered baking powered yesterday. They sent of a baki g powder which was expired. They made that box dirty with a paint kind of thing on the manufacturing and expiry date. I will soon switch to big basket . Not expected this kind of cheating.,False,trust_quality,none,replenishment,low,['grocery_staples'],none,bigbasket,unknown,negative
appstore_14322366757_28,blinkit,appstore,4.0,High quality products,False,other,none,unknown,unknown,[],none,none,unknown,positive
appstore_14322298414_32,blinkit,appstore,2.0,"When compare to others, is not much difference in discount",False,price_value,none,unknown,unknown,[],none,other,unknown,neutral
appstore_14321806320_43,blinkit,appstore,1.0,"Worst experience with their customer service and @Blinkit Team if you guys want your sales to increase then remove unwanted package charges 
So give free delivery along with the free package charges like how zepto and amazon now is giving for orders above 99/-₹",False,price_value,none,unknown,unknown,[],none,zepto,unknown,negative
appstore_14321421345_51,blinkit,appstore,5.0,Really it’s a last minute app. Best for groceries and other requirements instantly. Suppose you are in kitchen and missing something then just Blinkit and you will get it in 10 minutes. 👍,False,habit_convenience,none,urgent_need,low,"['grocery_staples', 'household_essentials']","when I am cooking and missing a kitchen ingredient, I want to order it instantly, so I can complete my meal without delay",none,autopilot_narrow,positive
appstore_14321288693_54,blinkit,appstore,1.0,My printout order which was supposed to be delivered in 26 minutes was cancelled when I called the customer support who told me that there is some operational issue and then it was cancelled after almost 1 hour after the order was placed.,False,delivery_ops,none,unknown,unknown,['stationery_printouts'],none,none,unknown,negative
appstore_14321259839_55,blinkit,appstore,5.0,This my quick and last minute helping application to order stuffs.,False,habit_convenience,none,urgent_need,low,['other'],"when I have a last-minute urgent need, I want to order quickly, so I can get help fast",none,unknown,positive
appstore_14321147398_56,blinkit,appstore,5.0,Best fir electronics shopping,False,other,none,unknown,unknown,['electronics_accessories'],none,none,unknown,positive
appstore_14320963639_60,blinkit,appstore,5.0,"Blinkit is very useful and convenient. Thank you for delivering everything so quickly. Even during vacations and busy times, the service is reliable. It makes shopping so much easier. Highly recommended!",False,other,none,unknown,unknown,[],none,none,unknown,positive
appstore_14320959650_61,blinkit,appstore,5.0,"Firstly I hope you’ll don’t delete this review and take this seriously , Blinkit price have always bee higher then Zepto plz check what’s wrong .",False,price_value,none,unknown,unknown,[],none,zepto,unknown,negative
appstore_14320793199_64,blinkit,appstore,1.0,Printout quality is very bad,False,trust_quality,none,unknown,unknown,['stationery_printouts'],none,none,unknown,negative
appstore_14318619085_73,blinkit,appstore,1.0,"I think Zepto and Flipkart mints 
giving better deal",False,price_value,none,unknown,unknown,['snacks_beverages'],none,zepto,unknown,negative
appstore_14318603040_74,blinkit,appstore,3.0,While buying items on offer I've noticed that blinkit has erase the expiry date on most of the item so be careful while buying something big in cheap prices.,False,trust_quality,none,promotion,medium,[],none,none,unknown,negative
appstore_14318018173_84,blinkit,appstore,4.0,Quality of perishable items is not good. Charger wires never work. Rest is excellent so far,False,trust_quality,none,unknown,unknown,"['grocery_staples', 'electronics_accessories']",none,none,unknown,negative
appstore_14317995149_85,blinkit,appstore,1.0,products given sometimes comes in very bad condition and many times i had got stale and seal broken products nd expired 1 too just recheck everything they deliver because 1 day delay can close the help window and we have to suffer with money wasted and damaged product,False,trust_quality,none,unknown,unknown,['grocery_staples'],none,none,unknown,negative
appstore_14315009122_119,blinkit,appstore,5.0,"One of the best platform of the delivering goods at any time and at very good price, so I will definitely recommend this to everybody that you can use this platform for yourself if you want to save your money",False,other,none,unknown,unknown,[],none,none,unknown,positive
appstore_14314979861_120,blinkit,appstore,1.0,"Absolutely selling of fake items, no regulations of expired products at any store whatsoever. Will not recommend at all",False,trust_quality,none,unknown,unknown,['other'],none,none,unknown,negative
appstore_14314978782_121,blinkit,appstore,5.0,Very good Delivery me mechanism and fast response on orders.Product quality is also good and well packed !,False,other,none,unknown,unknown,[],none,none,unknown,positive
appstore_14314906915_124,blinkit,appstore,1.0,Delivering expired and bad quality materials all the way,False,trust_quality,none,unknown,unknown,['other'],none,none,unknown,negative
appstore_14314828365_125,blinkit,appstore,1.0,"Very disappointed with Blinkit. I received a poor-quality item that was old, not fresh, and frozen into a solid block like a stone, making it impossible to use or cook properly. This is completely unacceptable for a grocery delivery service.

What made the experience even worse was the customer support. The support team was unhelpful, took no responsibility, and did not provide a satisfactory resolution. It felt like they were not interested in solving the customer’s problem.

I expected fresh products and reliable service, but instead I received poor-quality items and disappointing support. I have lost trust in Blinkit and will think twice before ordering again.",False,trust_quality,none,replenishment,unknown,['grocery_staples'],none,none,unknown,negative
appstore_14314632466_130,blinkit,appstore,5.0,Bhai Bhadiya hai Blinkit sab use karo mast time se chiz mil jati hai bas discount dediya karo Mhuje plzzz jada sa 😭🙏🏻💓 Baki sab bhaiya hai secure ata hai sab or achi quality m ata hai mast hai bro I used that recent 1 month I fell good and happy 😆😝💓🕺🏻,False,other,none,unknown,unknown,[],none,none,unknown,positive
appstore_14314167858_137,blinkit,appstore,5.0,"I am totally surprised and fascinated by the speed of delivery,quality and range of products available at their fingertips without getting out from the door. What is next?",False,other,none,unknown,unknown,[],none,none,unknown,positive
appstore_14313480367_142,blinkit,appstore,1.0,"This is local kirana store and doesn’t provide proper customer support- Amazon is best.

Deleting app now.",False,returns_support,none,unknown,unknown,[],none,amazon,unknown,negative
appstore_14312573659_156,blinkit,appstore,5.0,"Review complete karne se pehle hi order aa gaya… kya speed hai, Blinkit! ⚡",False,other,none,unknown,unknown,[],none,none,unknown,positive
appstore_14311675074_160,blinkit,appstore,1.0,Extra charges and too much time fake app,False,app_ux,none,unknown,unknown,[],none,none,unknown,negative
appstore_14310684431_165,blinkit,appstore,1.0,"Hi blinkit team 
Previously I have been purchased one thing on the blinkit and I received the other item in that I have been shared the photos off the item through your app and they said like it is not refunded and I did not ask about the refund I just to replacement they but they are informing it is also not replaceable then what should I do with that then I just requested to call back from the executive but they are informing the same thing I don’t know what should I do with that product the product still unusable how can we trust on that",False,returns_support,none,unknown,unknown,['other'],none,none,unknown,negative
appstore_14310535924_169,blinkit,appstore,5.0,"The interface is clean, ordering takes just a few taps, and deliveries are usually on time. Great selection of products, frequent discounts, and reliable service. Makes grocery shopping so much easier. Highly recommended!",False,other,none,unknown,unknown,['grocery_staples'],none,none,unknown,positive
appstore_14310355138_173,blinkit,appstore,1.0,"Vegetables were delivered in very poor condition. They were not fresh at all and some items looked almost unusable. I raised a complaint immediately, but even after that there was no stock change or replacement provided. Also, there was no proper response from customer support. This is very disappointing and not expected from Blinkit. Please improve quality control and customer service.",False,trust_quality,none,replenishment,low,['grocery_staples'],none,none,unknown,negative
appstore_14309237777_195,blinkit,appstore,5.0,And product quality,False,other,none,unknown,unknown,[],none,none,unknown,unknown
appstore_14309097969_196,blinkit,appstore,5.0,"I truly appreciate the incredible work Blinkit is doing for society. Providing ambulance services at such a low cost is a remarkable initiative that can help countless people during emergencies. This is more than just a business service—it is a meaningful contribution to the community and a great example of social responsibility. Fast delivery, reliable support, and now affordable emergency assistance show how much they care about people’s well-being. A big thank you to the entire Blinkit team for making essential services more accessible and helping those in need.",False,other,none,unknown,unknown,[],none,none,unknown,positive
appstore_14309021543_198,blinkit,appstore,1.0,Never ordered anything from Blinkit if you want to save your money poor quality and no return option is their be careful use better service like Flipkart minutes or Swiggy Instamart,False,returns_support,none,unknown,unknown,[],none,flipkart,unknown,negative
appstore_14309018796_199,blinkit,appstore,5.0,"I am a working professional, and I often have snacks at the office. However, due to a shortage of time in the morning, I couldn’t carry snacks from home. That’s why I prefer Blinkit’s quick delivery service.

Or, if you’re writing a customer review, you could make it sound a bit more friendly:

I’m a working professional, and I usually have snacks at the office. Since I don’t have enough time in the morning to pack snacks, I prefer Blinkit’s quick delivery. It saves me time and is very convenient.",False,habit_convenience,none,replenishment,low,['snacks_beverages'],"when I have limited morning time before work, I want to get snacks quickly, so I can have them at the office without packing at home.",none,autopilot_narrow,positive
appstore_14308882682_203,blinkit,appstore,1.0,They have started using Hindi names for groceries which the locals have no idea about in Bengaluru. They were using Kannada names earlier. Why the shift and imposition of Hindi!! Useless app for Bengaluru and Kannadigas.,False,app_ux,none,unknown,unknown,['grocery_staples'],none,none,unknown,negative
appstore_14308850966_204,blinkit,appstore,5.0,I would like to say that service is impressive this app only takes few minutes i always buy my things here and it’s a great full,False,other,none,unknown,unknown,[],none,none,unknown,positive
appstore_14308785982_205,blinkit,appstore,4.0,"Hi Blinkit Team,

Just a small suggestion—would it be possible to add a Monthly Expense Summary feature in the app? It would be really helpful to view total monthly spending and track expenses without having to calculate each order manually.

and thanks for the great service!",False,app_ux,none,unknown,unknown,[],none,none,unknown,positive
appstore_14308774184_207,blinkit,appstore,5.0,"Very useful app in emergency time , every time helpful",False,other,none,urgent_need,unknown,[],"when faced with an emergency need, I want a useful app, so I can get help quickly",none,unknown,positive
appstore_14308697145_209,blinkit,appstore,5.0,"Less in time, good quality products",False,other,none,unknown,unknown,[],none,none,unknown,positive
appstore_14306240338_225,blinkit,appstore,1.0,Extra charges for daily costumer,False,price_value,none,unknown,unknown,[],none,none,unknown,negative
appstore_14305986334_231,blinkit,appstore,5.0,Good quality products,False,other,none,unknown,unknown,[],none,none,unknown,positive
appstore_14305358142_238,blinkit,appstore,1.0,Good Discount to be given to regular customer - to extend relationship for a longer,False,price_value,none,unknown,unknown,[],none,none,unknown,neutral
appstore_14304983271_244,blinkit,appstore,4.0,Always Deliver Good quality product in short duration…,False,other,none,unknown,unknown,[],none,none,unknown,positive
appstore_14304976287_245,blinkit,appstore,5.0,"Printout service is very good used for interviews purpose, I saw a reel of ambulance service, user centric approach, loved their service",False,other,none,unknown,unknown,['stationery_printouts'],none,none,unknown,positive
appstore_14304946378_246,blinkit,appstore,5.0,Authentic delivery of products and quality,False,other,none,unknown,unknown,[],none,none,unknown,positive
appstore_14304894850_248,blinkit,appstore,1.0,They deliver tempered electronic product and then refuse toe listen customer complaints.,False,returns_support,none,unknown,unknown,['electronics_accessories'],none,none,unknown,negative
appstore_14304792373_252,blinkit,appstore,1.0,Daily daily sending v old stale vegetables,False,trust_quality,none,replenishment,low,['grocery_staples'],none,none,autopilot_narrow,negative
appstore_14304790415_253,blinkit,appstore,5.0,Pricing are low compare to others and delivery timing are fast,False,other,none,unknown,unknown,[],none,none,unknown,positive
appstore_14304492977_259,blinkit,appstore,5.0,A reliable vendor for everything last minute . Saves you the hassle of going out for small jobs that come up at the wrong time. An efficient assistant.,False,habit_convenience,none,urgent_need,low,[],"when last-minute needs arise, I want a reliable vendor, so I can avoid going out.",none,unknown,positive
appstore_14302993669_267,blinkit,appstore,5.0,Last minute helper,False,other,none,unknown,unknown,[],none,none,unknown,positive
appstore_14302708948_270,blinkit,appstore,1.0,I purchased a boat 108 stone it was damaged and they are not refunding the speaker they are saying to go to claim boat warranty boat websites are not working and there it was given 7 days return policy I dint even wanted to give one star to it the company ceo is a coward and is scamming Indian public ceo is a mad person,False,returns_support,none,unknown,unknown,['electronics_accessories'],none,none,unknown,negative
appstore_14302291312_280,blinkit,appstore,5.0,Best quality items available here.,False,other,none,unknown,unknown,[],none,none,unknown,positive
appstore_14301137633_294,blinkit,appstore,5.0,"Absolutely loved the quality! ✨ The finish is beautiful, the design is elegant, and it looks even better in person. Perfect for everyday wear as well as 
special occasions. Highly recommend!  🌸",False,other,none,unknown,unknown,['fashion_apparel'],none,none,unknown,positive
appstore_14299107413_313,blinkit,appstore,5.0,I have been a Blinkit user for 4 years now. It has become a part of my daily life.,False,habit_convenience,none,unknown,unknown,[],none,none,autopilot_narrow,positive
appstore_14297842420_337,blinkit,appstore,5.0,"I was expecting guest in 15 minutes and had to replenish grocery and eatables for them. Had no time to visit market for the same. Ordered the products I needed and working 8 minutes got it delivered at home. Wow, time saved.",False,delivery_ops,none,urgent_need,low,"['grocery_staples', 'snacks_beverages']","when guests arrive unexpectedly, I want fast grocery delivery, so I can prepare without visiting the market.",none,unknown,positive
appstore_14296832918_349,blinkit,appstore,1.0,"Very disappointing experience. I received expired products, and some items even had fungus on them. Selling spoiled food is completely unacceptable and raises serious concerns about quality checks. I expected fresh products but instead received items that were unsafe to consume. I hope Blinkit improves its quality control and ensures customers don't receive expired or contaminated products again.",False,trust_quality,none,unknown,unknown,['grocery_staples'],none,none,unknown,negative
appstore_14296716239_352,blinkit,appstore,5.0,Great for last minute work and deliveries. Delivery personnel are quick and come all the way to the doorstep and are very professional.,False,other,none,unknown,unknown,[],none,none,unknown,positive
appstore_14294782020_378,blinkit,appstore,5.0,Good Aap for last 10 min shopping and they provide good quality products too. Thank you blinkit team 😊🙏🏻,False,other,none,unknown,unknown,[],none,none,unknown,positive
appstore_14294653012_380,blinkit,appstore,5.0,quick commerce at its best. part of our daily life. thank you dear blinkit!,False,other,none,unknown,unknown,[],none,none,unknown,positive
appstore_14294221830_385,blinkit,appstore,5.0,Very fast delivery and good quality,False,other,none,unknown,unknown,[],none,none,unknown,positive
appstore_14294159303_387,blinkit,appstore,2.0,Zepto giving good deal compare to blinkit,False,price_value,none,unknown,unknown,[],none,zepto,unknown,negative
appstore_14294138265_388,blinkit,appstore,3.0,It’s taking too much advantage of being got famous everywhere….people prefer using blinkit for everyday need so it starts giving free delivery only above 200 that’s not good.,False,price_value,none,replenishment,low,['grocery_staples'],none,none,autopilot_narrow,negative
appstore_14293820561_398,blinkit,appstore,1.0,High price no discount amazon is not taking delivery charge or so called handling charge.,False,price_value,none,unknown,unknown,[],none,amazon,unknown,negative
appstore_14293714362_400,blinkit,appstore,3.0,And then i gave the order went to dress up and came see that the order is cancel automatically inconvenience like what the heck i want to go to a birthday party,False,delivery_ops,none,occasion,unknown,['fashion_apparel'],"when I have a birthday party to attend, I want to buy a dress quickly, so I can get ready on time",none,unknown,negative
appstore_14293576103_404,blinkit,appstore,1.0,Social media fake promotion 5 Rs earbuds,False,other,none,promotion,unknown,['electronics_accessories'],none,none,unknown,negative
appstore_14293158298_407,blinkit,appstore,1.0,1 star Asking tooo many times to review,False,app_ux,none,unknown,unknown,[],none,none,unknown,negative
appstore_14293116959_409,blinkit,appstore,5.0,"Today, I witnessed something truly inspiring. A Blinkit ambulance arrived quickly during a medical emergency and provided its service completely free of cost. Seeing such a fast and compassionate response reminded me how important every minute is when someone’s life is at risk.

A heartfelt thank you to the entire Blinkit team for taking this initiative. Providing emergency ambulance services without charging patients is a remarkable step toward making healthcare more accessible and saving lives. Acts like these show that businesses can create a real, positive impact on society.

Thank you, Blinkit, for putting people first. Wishing your team continued success in this life-saving mission.",False,other,none,unknown,unknown,[],none,none,unknown,positive
appstore_14293083216_411,blinkit,appstore,1.0,"Very disappointing experience with Blinkit.

Their customer support is one of the worst I’ve dealt with. Instead of resolving genuine issues, they simply reject complaints without providing a satisfactory solution.

Most products are sold at MRP, so there are hardly any meaningful discounts. On top of that, they charge a handling fee, and you often have to place a large order just to qualify for free delivery.

The biggest disappointment is their after-sales service. Even when a defective or damaged product is delivered, getting a return or refund is extremely difficult.

Based on my experience, the convenience is not worth the poor customer service.",False,returns_support,none,unknown,unknown,[],none,none,unknown,negative
appstore_14292993027_415,blinkit,appstore,1.0,"Despite acknowledging that there was an issue with the product purchased through Blinkit, the support team took no ownership or accountability for resolving it. Every response was the same: ""Our system doesn't allow it,"" ""We're bound by policy,"" or ""Please contact the brand.""

I requested a refund or an exchange for another brand, but both were denied without any meaningful effort to help. Customer service should focus on resolving genuine issues, not repeatedly citing policies and system limitations.

My issue remains unresolved, and I'm extremely disappointed with the lack of customer-centric support.",False,returns_support,none,unknown,unknown,[],none,none,unknown,negative
appstore_14292921844_417,blinkit,appstore,1.0,There is a practice of delivering rotten items. Many times I received rotten or staled items. Rates of vegetables and fruits are very high as compared to local markets and quality very poor.,False,trust_quality,none,replenishment,low,['grocery_staples'],none,offline,autopilot_narrow,negative
appstore_14291235368_432,blinkit,appstore,5.0,"The Printout Feature!! I have my exam tomorrow and i unfortunately forgot to take out a print of my admit card, a friend of mine told me to order it from blinkit and i thought she was joking lol; i checked and there it was, the printout option, if anyone from blinkit decides to participate in elections, im voting them fs lol, (cause wdym like printouts 24/7, free ambulances) THEYRE DOING WHAT OUR GOVERNMENT SHOULDVE ALREADY DONE! Love yall",True,discovery_awareness,awareness,urgent_need,low,['stationery_printouts'],"when I need an urgent printout before an exam, I want to order it from Blinkit, so I can avoid missing my admit card",none,unknown,positive
appstore_14290985202_434,blinkit,appstore,5.0,"Convenient, good quality, fast delivery",False,other,none,unknown,unknown,[],none,none,unknown,positive
appstore_14290792980_436,blinkit,appstore,5.0,Best Product line - Printout 🎯👏👏👏👏👏,False,other,none,unknown,unknown,['stationery_printouts'],none,none,unknown,positive
appstore_14289561905_456,blinkit,appstore,2.0,Not satisfactory with quality and items are always missing.,False,trust_quality,none,unknown,unknown,['other'],none,none,unknown,negative
appstore_14289491234_457,blinkit,appstore,1.0,"I orderer some items from Blinkit in Electronic city Bangalore. Once order came, one of the items (banana) was missing. I complaint against it with agent  name Dikshani. But she said it is delivered. How she knows it is delivered or not. I ordered around the amount 1000 something. I dnt need to tell lie. Instead of closing chat, they need to seek about the truth.Not at all satisfied with the service. How can trust",False,returns_support,none,replenishment,low,['grocery_staples'],none,none,unknown,negative
appstore_14288981536_467,blinkit,appstore,5.0,"App is easy to use , with daily use items available all times !",False,other,none,unknown,unknown,[],none,none,unknown,positive
appstore_14288862108_471,blinkit,appstore,4.0,No doubt on the best timing than other apps. Most of the packed items are dirty as if kept on floor. Prices are very high compared to other apps. COD should be always active as some times we run out of money in account as wives but has cash.,False,trust_quality,none,unknown,unknown,['grocery_staples'],none,other,unknown,negative
appstore_14288798441_474,blinkit,appstore,5.0,"Fast delivery, easy ordering, and great service every time. Blinkit makes grocery shopping quick and hassle-free. Highly recommended!",False,other,none,unknown,unknown,['grocery_staples'],none,none,unknown,positive
appstore_14288753930_476,blinkit,appstore,1.0,Amazon Now and Zepto are doing much better than this,False,other,none,unknown,unknown,[],none,other,unknown,negative
appstore_14287617578_484,blinkit,appstore,1.0,"I recently purchase car charger … 7 days return policy but now they are denied it … and saying talk to brand direct … I m regular and valuable customer but their treatment is toooo bad ….
Now I don’t order anything from Blinkit",False,returns_support,none,unknown,unknown,['electronics_accessories'],none,none,unknown,negative
playstore_7da68993-2883-4cad-91a4-dc280795a8ff_0,zepto,playstore,1.0,"please make a video of orders, otherwise zepto won't trust. i ordered some items from them 1 is missing but zepto customer service is saying that the complete order is delivered. so make a video of order or check the items in front of the delivery person.",False,returns_support,none,unknown,unknown,['other'],none,none,unknown,negative
playstore_e99b2a28-1644-4529-9957-f1dee6e4d909_13,zepto,playstore,1.0,"This is completely unacceptable. Your delivery executive marked the parcel as delivered, but I have not received the item. I request that you investigate this matter immediately and provide a resolution without further delay. I have all the necessary evidence to support my claim. If this issue is not resolved promptly, I will have no option but to pursue legal action. My elder brother is an advocate, and we are fully prepared to file a complaint before the Consumer Commission. I trust you are",False,delivery_ops,none,unknown,unknown,['other'],none,none,unknown,negative
playstore_5f3172d8-addb-4b45-856f-3736b5fefa31_24,zepto,playstore,5.0,Best of all quick commerce platform as most of the products are cheapest compared to other platform and quality remains intact. 85% of my orders goes to Zepto.,False,price_value,none,unknown,unknown,['other'],none,none,autopilot_narrow,positive
playstore_66066e71-1145-43f5-ad8e-9e83a1b670f5_39,zepto,playstore,1.0,"Be careful before buying skincare products from Zepto — my experience with their return policy I ordered a Neutrogena sunscreen from Zepto on 18 July 2026. It arrived poorly packed, and after using it, my face started developing redness and irritation. Zepto advertises a 7-day return and replacement policy, so I tried to return the product — three separate times. Each time, the delivery partner showed up but refused to take the item back, claiming the local Zepto store (""Zepto Kundi Kota"")",True,returns_support,trust_quality,unknown,medium,['beauty_skincare'],"when I need to return a defective skincare product, I want reliable return enforcement, so I can confidently purchase beauty items from quick-commerce platforms.",none,unknown,negative
playstore_931bf579-0b67-4ae6-90b5-3175f3b3f44b_44,zepto,playstore,5.0,"Excellent service, but please care for your delivery riders! ​I love using Zepto for its speed, but today I felt really bad when my delivery rider arrived completely drenched in the heavy rain just to deliver my order on time. While Zepto provides uniforms, they should also mandatory provide high-quality raincoats to every delivery person. These riders are the backbone of your service, and their health and safety should be a top priority. Please look into this immediately.",False,other,none,unknown,unknown,[],none,none,unknown,positive
playstore_dbeb45b7-62eb-4b07-b433-ce5136863a44_50,zepto,playstore,1.0,not installed this app when you require the thing in emergency as this app is shown the item will be delivered in 10 min but now it's already 30 min but the item is not delivered yet?? This is a serious concern??,False,delivery_ops,none,urgent_need,low,['other'],none,none,unknown,negative
playstore_90bb4431-24ea-4612-88fe-c0b7b8119cc3_53,zepto,playstore,2.0,No easy refunds and legit worst quality of app and product,False,returns_support,none,unknown,unknown,[],none,none,unknown,negative
playstore_5170b4c2-4024-4751-a611-2a1c7d31c17f_55,zepto,playstore,1.0,worst delivery experience. delivered an used and half tub with horrible smell rajwada icecream .horrible experience .after that nobody coming for return of the product .it seems someone has eaten this Ice cream .please don't play with the health of customers .never trust this zepto app,False,delivery_ops,none,replenishment,low,['snacks_beverages'],none,none,unknown,negative
playstore_ae2cdeca-9485-44a6-86a7-48a048f7925b_56,zepto,playstore,1.0,Third class garbage app don't buy this app delivered expired products and not resolved the customer issue,False,trust_quality,none,unknown,unknown,['other'],none,none,unknown,negative
playstore_35e2e26d-c91d-40c5-9cec-2ffd1eb42770_57,zepto,playstore,1.0,"This app is a rampant abuser of dark patterns. Also, if a product is priced lower than other quick commerce platforms, almost 100% of the times it's going to be rotten, expired or faulty.",False,trust_quality,none,unknown,unknown,[],none,none,unknown,negative
playstore_77442b24-90a4-49f3-abb1-b8d1818ad3a2_69,zepto,playstore,1.0,pathetic absolutely chor hai ye log.Ordered paneer and the packet arrived which was stale.When complained they said return ho jayega.When delivery boy Rajkumar very rude arrived .Said nahi hoga as packet is opened.Can someone tell paneer stale hain ye kya packet bina khole pata chalega.I will never recommend zepto ever .Looting peoples,False,trust_quality,none,replenishment,low,['grocery_staples'],none,none,unknown,negative
playstore_5682dc89-e653-4c0f-9fef-a0d65336d59f_76,zepto,playstore,1.0,zepto is very poor return policy open package no return bhai bina khole kaise accept kare bhai koi iska jawab hai apne kah diya vapas nahi hoga to order aap kharab de item bakwas de aur wapas bhi kare bhai zapto kuch bhi order dene se pehle return na kana pade tabhi package khole warna vapas nahi hoga,False,returns_support,none,unknown,unknown,['other'],none,none,unknown,negative
playstore_fa771ec4-a78d-4ef9-9692-5a18b483cf97_78,zepto,playstore,5.0,highly recommend,False,other,none,unknown,unknown,[],none,none,unknown,positive
playstore_0e849b0c-bee4-4d41-9186-7c0960170795_79,zepto,playstore,1.0,"this app has an history of sending expired products to me, so this is more of a fraud scheme rather than an actual customer centric app",False,trust_quality,none,unknown,unknown,['grocery_staples'],none,none,unknown,negative
playstore_3c3b1d8d-d9fd-4fa4-8070-7548e46a4a63_85,zepto,playstore,1.0,"if we are writing emails for any complaint no proper actions are taken , they always tell seller ships after quality checks",False,returns_support,none,unknown,unknown,[],none,none,unknown,negative
playstore_67c30cee-e889-46ac-8691-ca0ff0b9d955_87,zepto,playstore,1.0,"Worst customer support ever. They don't read emails, don't review the evidence, and don't even try to understand the customer's perspective. Every reply is a copy-paste template that blindly favors the seller. Their grievance process feels completely meaningless.",False,returns_support,none,unknown,unknown,[],none,none,unknown,negative
playstore_f02a61d2-8593-46eb-9967-e0e17159b033_99,zepto,playstore,1.0,sabse bad quality ka saman and sabse bad service zepto very bad zepto service koi bhi bhai zepto ke Jhansi mein Na aaye,False,trust_quality,none,unknown,unknown,['other'],none,none,unknown,negative
playstore_34dd1fda-fc5d-498e-b0d8-ea6777aca248_103,zepto,playstore,1.0,"Absolutely terrible experience. I ordered an umbrella which broke on its very first use the next morning—the spring completely popped out of the mechanism, proving it was a cheap, third-class defective item. When I tried to reach out via the in-app chat to get it resolved, the support representative blocked/closed my chat session abruptly without providing any solution! Now they are hiding behind their ""24-hour return policy.""",False,returns_support,none,unknown,unknown,['home_kitchen'],none,none,unknown,negative
playstore_c282f62b-c189-49ac-8638-adae1cd1c631_107,zepto,playstore,5.0,service very good but some product quality like manna badam drink mix is very very very bad 👎,False,trust_quality,none,unknown,unknown,['snacks_beverages'],none,none,unknown,negative
playstore_dff9d0ad-a5d6-42c0-b9af-b6c99979c3ac_108,zepto,playstore,1.0,"They are running a scam, I would suggest avoiding zepto bcz first they will show that your order will arrive in 7 minutes after placing the order they prolonged the time and secondary they will show that your order arrived but after 5-6 minutes the delivery partner will arrive. I would recommend you to follow Amazon now , Swiggy Instamart as they are punctual to their timelines. # Worst Service Zepto",False,delivery_ops,none,unknown,unknown,[],none,amazon,unknown,negative
playstore_aab0defc-4681-490a-aa8f-017df2c7c630_109,zepto,playstore,1.0,"worst consumer support. not listening from customer pov and proofs. Just listening to the seller. Am just filing a complaint in the consumer court if I don't get a replacement or refund within 48 hrs.Section 2(11) defines ""Deficiency"" in service.Section 2(47) deals with ""Unfair Trade Practice,"" including misleading representations and supply of goods different from those ordered.Section 35 provides consumers the right to file a complaint before the appropriate Consumer Disputes Redressal Comm...",False,returns_support,none,unknown,unknown,[],none,none,unknown,negative
playstore_a2e944f9-29a1-4a9b-ba46-7e9cb7d53536_112,zepto,playstore,1.0,really pethetic service and product quality. try to inform about my review regarding product and they ignored. Zepto is not even qualified for 1 star. thats why this app is 3 star.,False,trust_quality,none,unknown,unknown,[],none,none,unknown,negative
playstore_3fd14b8c-f131-4f31-8b22-0e1295e6767e_126,zepto,playstore,5.0,good quality product and super fast delivery with reasonable price,False,other,none,unknown,unknown,[],none,none,unknown,positive
playstore_a57cfe3e-9164-4bd6-af2a-0dcda51b603d_147,zepto,playstore,1.0,"Customer care representative openly told that if any of the coupon is not working from their app, they are not responsible for it. They are just showing fingers on the 3rd party vendors. If you are not responsible for working of any payment offer coupon displayed in ur app, then why the hell you display that in your app.",False,returns_support,none,unknown,unknown,[],none,none,unknown,negative
playstore_3b375fdc-e4f6-4b5d-81bf-b84aad2d9bfc_149,zepto,playstore,1.0,sabse bekaar or bevkuf banne vali aap h ye.ye sirf or sirf expiry date vale product hi sale karte h.or na hi inka customer care support shi h.is aap ko koi download mat karna😡😡😡👎👎👎👎.,False,trust_quality,none,unknown,unknown,[],none,none,unknown,negative
playstore_4a70fbb1-760f-474a-a43d-fc27d57c7721_164,zepto,playstore,5.0,"best products, normal price and best quality thank you zepto for the fast delivery 👍🏻",False,other,none,unknown,unknown,[],none,none,unknown,positive
playstore_b6fe5bb4-4b04-4cad-9678-e849860d0ebd_172,zepto,playstore,1.0,it's very bad fregnes it's very bad quality perfume 😔😔,False,trust_quality,none,unknown,unknown,['beauty_skincare'],none,none,unknown,negative
playstore_b9ee29de-e04b-486f-a6fe-741af22a6341_180,zepto,playstore,4.0,very very poor customer support. no solution given / no replacement / return.,False,returns_support,none,unknown,unknown,[],none,none,unknown,negative
playstore_f2e68aa3-fe94-44fd-8115-259a24abbd81_185,zepto,playstore,2.0,"such a poor app quality. whatever I'm searching for, it's saying no founds. there was an ice cream offer from havmor, it's not even showing that. such a poor quality app",False,search_findability,none,promotion,unknown,['snacks_beverages'],none,none,unknown,negative
playstore_c6a5215d-5721-4a0c-9e46-119139db27fa_205,zepto,playstore,1.0,"doing scam , claiming 1 rupees icecream, don't u have shame ( I was a customer) from now onwards i won't use in my family also I recommend not to use",False,other,none,promotion,unknown,['snacks_beverages'],none,none,unknown,negative
playstore_46e570e0-2aa5-425b-9ea5-0e4e9c3eeee0_208,zepto,playstore,1.0,"ordered a gift set, paid and everything. but the product went out of stock. said they'd refund money in 5-7 days. no refunds came through till date. definitely would not recommend",False,returns_support,none,unknown,unknown,['other'],none,none,unknown,negative
playstore_24892b85-794d-4601-9ef8-aa078cf59182_210,zepto,playstore,1.0,Worst And Fake Groceries Application Ever 😒😒🙄🙄 ( World Ice Cream Day Scam Openly ) There's No Any Offers In These Zepto So Cheap And Fraud,False,other,none,unknown,unknown,['grocery_staples'],none,none,unknown,negative
playstore_b71ba833-e008-44b9-a79d-d4dda37da003_214,zepto,playstore,1.0,havmor 1 rs ice cream wala offer hamare liye kyo nhi hai? hum tumhare regular customer nhi hai kya?,False,price_value,none,promotion,low,['snacks_beverages'],none,none,unknown,negative
playstore_10ea1c6f-f55d-47a3-8c50-af4e202e43db_219,zepto,playstore,1.0,"worst app, fake offers",False,other,none,unknown,unknown,[],none,none,unknown,negative
playstore_a76270e7-2b18-404d-acf1-28a9252bdda7_225,zepto,playstore,1.0,"worst app, runs fake offers , misleads and clickbaits customers just to show increase their peak online user to get more funding from the investors.. absolute disgrace",False,other,none,unknown,unknown,[],none,none,unknown,negative
playstore_f55caf11-002d-4431-963f-954b77b92b7e_226,zepto,playstore,1.0,very bad ...it was trying to scam during payment ..didn't expect very disappointed 😮‍💨,False,trust_quality,none,unknown,unknown,[],none,none,unknown,negative
playstore_3f097d48-b90a-4120-88b1-d724c922485b_228,zepto,playstore,1.0,app is crashing frequently in order details,False,app_ux,none,unknown,unknown,[],none,none,unknown,negative
playstore_372944d7-29a5-4e64-a044-34fee2191e43_230,zepto,playstore,1.0,"worst experience with my order, where I received stale coconut and expired ghee, which when contacted Zepto, I was receiving automated reply that the product was delivered in good condition which is not acceptable. Gonna raise this issue in consumer court, and no more Zepto.. They sent a product as replacement which Is a defect product again.",False,returns_support,none,replenishment,unknown,['grocery_staples'],none,none,unknown,negative
playstore_532848ca-f0e7-4411-90f6-456d5f71650e_232,zepto,playstore,1.0,"worst app maina order kiya tha mujha urgent order chaiye tha 6mint dikhara tha delivery partner half and hour hogaya aaya nhi tha toh maina dusra app se order kiya aur yaha se cancel karwaya toh nera cod band kardiya bad service bad products better use BIG BASKET, FLIPKART MINUTS, BLINKINT AND OTHERS APPS DON'T USE THIS APP",False,delivery_ops,none,urgent_need,unknown,[],none,bigbasket,unknown,negative
playstore_21190714-598e-48a1-9168-a542c03c814f_238,zepto,playstore,1.0,customer service is very bad if you want to lose your money then order from this aap. order cancel on 6th and till the date not received money.very bad service not recommended to buy any thing from this app,False,returns_support,none,unknown,unknown,[],none,none,unknown,negative
playstore_fb52ec11-40b2-4fe7-9a20-fd3b6bd5b067_244,zepto,playstore,1.0,"I've deleted my Zepto account. They’ve gone downhill, especially with fresh produce; fruits are tiny, overpriced, and poor quality. The tender coconut quantity is sometimes less than the advertised 210+ml, but support refuses complaints, claiming their ""sellers inspected it""—which is clearly false. They also sold me a defective bottle brush and refused a replacement, citing the same ridiculous excuse. Their service is unreliable and annoying. Instamart and BigBasket are far better options.",False,trust_quality,none,replenishment,unknown,"['grocery_staples', 'home_kitchen']",none,other,unknown,negative
playstore_e4513d75-499e-4072-a862-5b8bd434219f_246,zepto,playstore,5.0,"very fast delivery, nice product quality",False,other,none,unknown,unknown,[],none,none,unknown,positive
playstore_31dad855-4b16-4429-88c5-20f92feab733_248,zepto,playstore,1.0,very bad quality materials provide by surat zepto,False,trust_quality,none,unknown,unknown,['other'],none,none,unknown,negative
playstore_6c9683d5-ea65-428b-9f8c-fa69821af3ed_257,zepto,playstore,1.0,"Poor store, unnecessary charging surge, Fake small cart delivery and many a time missing or different product. Very hard to report issues or asking for refunds. Also to add...store non operational majorly of times.",False,returns_support,none,unknown,unknown,[],none,none,unknown,negative
playstore_64686682-d053-4467-b03d-da4e45467d40_263,zepto,playstore,5.0,"iam loving the experience. as it's truly ahead of its competitors.. I have tried all platforms including Amazon fresh, flipkart minutes, blinkit,Swiggy Instamart and Bigbasket. but zepto turns out to be the best every single time. no unnecessary charges, price is also similar.. i hope this is not temporary from Zepto. and you continue to give this experience. full 5 stars for now.",False,other,none,unknown,unknown,['grocery_staples'],none,none,unknown,positive
playstore_1465b496-9ac9-480c-ad39-f991979331bb_265,zepto,playstore,1.0,"ordered bluetooth earbuds, missed one ear bud. raised a query, wasted 2hrs time. and their tag line is 10mins delivery. and the replacement is done after 3hrs",False,returns_support,none,unknown,unknown,['electronics_accessories'],none,none,unknown,negative
playstore_8b871a50-168f-4a9b-9561-efe89a8f2b07_275,zepto,playstore,1.0,Worst app. Recived Expired and rotten Fruits and sprouted veggies multiple times.Have raised complaints multiple times but no use.,False,trust_quality,none,replenishment,low,['grocery_staples'],none,none,autopilot_narrow,negative
playstore_5cc5d5bb-b216-49c4-baca-6284e8b79d51_300,zepto,playstore,5.0,good service 💯 i am happy with your delivery 🚚 thanks 👍 i am your your regular customer. you always make my day essay and comfortable we needs anything than remember only zepto.,False,habit_convenience,none,unknown,unknown,[],none,none,autopilot_narrow,positive
playstore_61772d72-b9ec-462d-8b23-f088627d3959_306,zepto,playstore,5.0,i have ever seen this app but I ignored it once I tryed to order something then adventure starts the best prices good quality and very fast delivery impressed me,True,discovery_awareness,none,browsing_discovery,low,['other'],"when I tried Zepto despite initial skepticism, I want fast delivery and good prices, so I can shop efficiently.",none,unknown,positive
playstore_cc377435-d071-4f83-97e7-7cdf20a13488_317,zepto,playstore,1.0,Always delivers near expiry product can't trust this app anymore,False,trust_quality,none,replenishment,unknown,['grocery_staples'],none,none,unknown,negative
playstore_9a68b1a4-b356-4ecf-b3c9-2f73132c97f6_322,zepto,playstore,1.0,"I have been a customer for over a year, but my recent experience has been extremely disappointing. I received poor quality fruits and eggs with an unusual taste. Even after providing photos as evidence. customer support simply denied the issue and blamed the customer instead of taking responsibility. The same problem happened again, yet there was still no accountability. Very poor quality control and even worse customer support. Losing customer trust like this is unacceptable.",False,trust_quality,none,replenishment,low,['grocery_staples'],none,none,autopilot_narrow,negative
playstore_9e020351-d2cc-4b14-831c-69b883bac29d_330,zepto,playstore,4.0,it's good in all the aspects either service or packaging or quality with most affordable price,False,other,none,unknown,unknown,[],none,none,unknown,positive
playstore_ae1f9e83-5ee9-49b7-9ab6-468c9b257639_340,zepto,playstore,1.0,delivery time is not good delivery partner not picking phone very bad service not recommended app,False,delivery_ops,none,unknown,unknown,[],none,none,unknown,negative
playstore_95512c82-e1cb-48a4-a5db-b32dfcab3502_346,zepto,playstore,1.0,Please check product expiry dates.. they are selling the products which will be expired soon.. and they deliver all melted ice-creams.. you will get in liquid form.. I asked for refund so they gave 23% of refund..😠 eventhough provides a good service but product should be good...,False,trust_quality,none,unknown,unknown,['grocery_staples'],none,none,unknown,negative
playstore_ecc08ebb-cd18-4069-b825-5f07d9933199_360,zepto,playstore,4.0,I like Zepto but we need free cash iam giving ratings to zepto 5/4 iam giving 4 stars from 5,False,other,none,unknown,unknown,[],none,none,unknown,neutral
playstore_b9a70938-a940-406b-a5da-5841c511e21d_363,zepto,playstore,1.0,"I have been ordering from zepto from a very long time, But from last few times the orders have been wrong. Today I ordered panner from it and it came expired(has expired 17 days ago) then I complain. the staf didn't help and said that they will take it back. they send a driver which took more then 40 mins to come. then he was rude. he took it back they refunded me the money on the zepto cash not in my account, then when I order panner again they increased my oder price from free delivery to 149",False,returns_support,none,replenishment,low,['grocery_staples'],none,none,autopilot_narrow,negative
playstore_1d8116b1-f219-47ac-97ca-097c0c324185_377,zepto,playstore,1.0,nothing in it say write your name i did but nothing just the same screen. I don't recommend this app,False,app_ux,none,unknown,unknown,[],none,none,unknown,negative
playstore_d10889b8-440e-4d2b-89f4-4a097dabef22_380,zepto,playstore,1.0,"Worst online delivery experience I've had. The kulfis arrived completely melted, tasted stale & felt almost expired & unhealthy, the order was also delayed. Customer support was useless & couldn't resolve anything. This is the first time an online service has disappointed me this badly. Zepto seriously needs to improve its quality checks, delivery standards & customer support because this level of service is simply unacceptable. !Uninstalled Successfully!",False,delivery_ops,none,unknown,unknown,['snacks_beverages'],none,none,unknown,negative
playstore_646df357-b835-40f3-a57b-9a732b28709d_387,zepto,playstore,1.0,"I am a regular customer, but today I received a completely tampered product. The safety seal was broken, and the container was already half-used—it only has 200g of product instead of the 400g I paid for! Customer support refuses to take responsibility for this warehouse fraud and is denying a refund. Absolutely terrible service and zero hygiene control. Avoid this app!",False,returns_support,none,replenishment,unknown,['other'],none,none,autopilot_narrow,negative
playstore_22b9deff-7851-461f-9c9a-eaae5c240871_391,zepto,playstore,1.0,very bad experience they have delivered all expired items,False,trust_quality,none,unknown,unknown,['other'],none,none,unknown,negative
playstore_d87201ba-9b9d-4abc-b56a-8783afaf791d_397,zepto,playstore,1.0,one of the worst app in quick delivery segment . customer support is non existent. whenever you try contact you will get arrogant answer. Not recommended at all.,False,returns_support,none,unknown,unknown,[],none,none,unknown,negative
playstore_92cd12f4-3b7c-4910-809d-8599d413b992_410,zepto,playstore,1.0,worst experience with zepto. i ordered a water bottle and it came damaged and at least not in good condition. reached customer support they are trying to convey the bottle is good. 250 rupees waste i purchased for a gift for some one i can't give damaged one. please don't trust zepto. please plan before ordering in good web site.,False,returns_support,none,occasion,low,['home_kitchen'],none,none,unknown,negative
playstore_5c34cd68-72e6-42b1-9c4d-f2c54d0a7b90_423,zepto,playstore,1.0,selling expired products milk,False,trust_quality,none,unknown,unknown,['grocery_staples'],none,none,unknown,negative
playstore_d9d304b9-ecd7-436f-9739-2a4161ab5832_432,zepto,playstore,5.0,nice and quality product,False,other,none,unknown,unknown,[],none,none,unknown,positive
playstore_6284859b-1abb-4d61-b888-dc2186de1d2b_436,zepto,playstore,1.0,"Welcome to Zepto: Ice creams arrive melted, Cold drinks arrive warm, Fruits and vegetables arrive rotten, Expired products get delivered, Items are missing from orders. And when you report it, you're told the seller delivered everything perfectly and that there's nothing wrong. It feels like customer satisfaction doesn't matter at all. If this is the standard of quality and support, customers deserve much better.",False,delivery_ops,none,unknown,unknown,"['snacks_beverages', 'grocery_staples']",none,none,unknown,negative
playstore_f74faf90-023f-4aa0-b78d-70bc1e4c2fc6_439,zepto,playstore,1.0,"Very disappointing experience. If customer care calls and informs you that one item is damaged, I strongly recommend cancelling the entire order instead of accepting the remaining items. I accepted the remaining items in good faith, expecting the refund for the undelivered item to be processed, but resolving the issue turned into a long and frustrating process with repetitive responses and no proper investigation. Customer support failed to address my genuine concern, and I have completely lost",False,returns_support,none,unknown,unknown,['other'],none,none,unknown,negative
playstore_40198542-96a7-4903-82b2-9135e78474a2_443,zepto,playstore,5.0,"Super fast service, faster than Vande Bharat train! The Amazon Fresh I ordered last Monday has still not arrived! I joined Zepto today and they delivered my order yesterday!!!!, actually in 15 minutes. RIP Amazon, your customer care phone fellows can keep promising Jupiter and Neptune to harrassed customers like me. My first order experience with Zepto was amazing. I'm migrating to Zepto full time! Bye bye Jeff Bezos!",False,delivery_ops,none,unknown,low,['grocery_staples'],none,amazon,new_user,positive
playstore_d0ce5afd-5827-46d6-a4b8-c4094b8143f0_447,zepto,playstore,5.0,original item delivered here and fast and secure,False,other,none,unknown,unknown,[],none,none,unknown,positive
playstore_b480d232-8d79-46d2-be67-9efccf0901b4_458,zepto,playstore,1.0,kuchh mat mangwa o yahan se bekar packing Ras biscuit hamesha tute hue milte Hain Jo bilkul low quality ka Mal hota hai vah bhejte Hain yah log,False,trust_quality,none,replenishment,low,['snacks_beverages'],none,none,unknown,negative
playstore_c73d4b9d-2e65-4011-802c-32a7dea6ebfa_465,zepto,playstore,2.0,Worst App. Other groceries App are better than this zepto. ordered fruits but receiving all damaged one and if i raise complaint to Zepto support then not even accepting the truth and not taking the complaint . My suggestion is don't use this app. Buy on any other App.,False,returns_support,none,replenishment,unknown,['grocery_staples'],none,other,unknown,negative
playstore_ecbb7966-d351-4d3a-ba4a-d2e498450ece_485,zepto,playstore,1.0,"no easy return policy.... most of the items don't have option for return, you can just exchange them",False,returns_support,none,unknown,unknown,[],none,none,unknown,negative
playstore_9637d8b3-c2c6-4b82-98c6-286de2972bc5_501,zepto,playstore,1.0,"they don't refund new scam going on they will send u expired food then u complain they will be facing technical issues after sometimes they will say ur refund and return is open till tomorrow . then they will say sorry for any inconveniences this refund was available till yesterday . 🤣 Bigbasket ,blinkit and flipkart minutes thank u for saving me from zepto ✌🏽🙏🏽🩵.",False,returns_support,none,unknown,unknown,['grocery_staples'],none,bigbasket,unknown,negative
playstore_676251fd-b7f6-4b4b-9efd-c4021c75d14d_513,zepto,playstore,4.0,quality wise better sometimes gave wrong products otherwise good 👍,False,trust_quality,none,unknown,unknown,[],none,none,unknown,neutral
playstore_d4491e1a-41f9-48ae-9470-3b17c6c6d929_515,zepto,playstore,1.0,"- - - 1Star Review Very disappointing customer support. If you receive a damaged or spoiled item, it's almost impossible to raise the issue because the chat support doesn't work properly. It feels like the system is designed to avoid taking responsibility for defective products instead of helping customers. A quick delivery means nothing if there's no reliable after-sales support.",False,returns_support,none,unknown,unknown,[],none,none,unknown,negative
playstore_79cc94c7-94e6-4214-9a18-8a76ed00f739_526,zepto,playstore,1.0,they supplied rotten eggs from eggoz when I raised a complaint they resend me the same eggoz as replacement how can I trust this brand who is going to look inside the egg from the same brand zepto is compromising on customers health kindly refund my amount immediately.,False,trust_quality,none,replenishment,low,['grocery_staples'],none,none,unknown,negative
playstore_09d338e7-6ce7-4496-9be4-9bae4eaff0a0_531,zepto,playstore,1.0,fraud NVOKJKTRD23992 i got whole bad quality eggs rather than replacement just 20 rupees refund was given .,False,returns_support,none,replenishment,low,['grocery_staples'],none,none,unknown,negative
playstore_194cd2a5-776c-43fa-9fb7-4c684bbfd709_533,zepto,playstore,1.0,this app is very bad for my suggestion don't buy vegitable and fruits because he sale stale and rotten fruits and after complain he say don't help you again you don't buy it for my suggestion you don't buy you use other app for my suggestion you use swiggy or big basket his customer support team is good,False,trust_quality,none,replenishment,low,['grocery_staples'],none,bigbasket,unknown,negative
playstore_5ba1382f-1805-4784-bb94-3bb061e7ba83_536,zepto,playstore,1.0,"Worst online shopping app, no proper return policy. In chatting they say you can place return but rider and their respective store manager deny for the same. Internal team coordination lagging.",False,returns_support,none,unknown,unknown,[],none,none,unknown,negative
playstore_42cfd4c7-831b-4a79-87c0-f2c30202170b_539,zepto,playstore,1.0,"I can give 0 stars , but the last option is 1 star.Because I had bad experience, I have ordered wireless mouse .But package came without power, but package shows that power will be inside. and when I put new battery still mouse is not working . plus zepto didn't help me with this.",False,returns_support,none,unknown,unknown,['electronics_accessories'],none,none,unknown,negative
playstore_4ca51307-11ee-4ae7-a20c-7278341e02e3_540,zepto,playstore,1.0,2 times I ordered but they will sent expired product,False,trust_quality,none,unknown,unknown,['other'],none,none,unknown,negative
playstore_a7cea756-3e26-4ee1-b541-ad0bb9fc4044_551,zepto,playstore,1.0,"Very disappointed. I understand promotional offers can end, but I noticed that the same products are priced differently on new and old Zepto accounts. A product costing ₹35 on a new account is ₹36 on an old one, and another priced at ₹36 is ₹38. This hidden price difference feels unfair. Loyal customers deserve transparent and consistent pricing",False,price_value,none,unknown,unknown,['other'],none,none,unknown,negative
playstore_b7c624c3-7c7a-49f9-b4ac-e6d1bfda7d22_554,zepto,playstore,1.0,I first time ordered eggs it was of very bad quality they didn't even accepted an exchange and when I boiled it there were chicks inside the eggs,False,trust_quality,none,unknown,low,['grocery_staples'],none,none,unknown,negative
playstore_882535f5-46e2-4be0-9f39-29ba1fef7082_556,zepto,playstore,5.0,zepto birthday par kuch free gift nhi hai har baar aata but abhi aaya nhi reply fast,False,other,none,unknown,unknown,[],none,none,unknown,negative
playstore_b4cdb61c-76d2-4d5f-b62d-f628a07d047b_557,zepto,playstore,1.0,Customer care is horrible when there are issues with product quality. Their policies when you get lower quality product are nonsensical and illogical.,False,returns_support,none,unknown,unknown,[],none,none,unknown,negative
playstore_aaed633a-161a-45c8-b2b0-3dacefe9da83_560,zepto,playstore,1.0,"this app is trash i ordered food then gone for payment from my side payment done but the app showing payment failed , repayment so what can I do now from my side payment was done and the money had debited to zepto but they telling me to refund it 5 to 7 days later means if I have only that much money to order now I can eat after 5 to 7 days what rubish this app is from my side 1 is the highest rating that they deserve if there I option for 0 rating my review will be there",False,returns_support,none,unknown,unknown,['snacks_beverages'],none,none,unknown,negative
playstore_02dfdf95-52e7-4852-9f95-8d6eba623360_562,zepto,playstore,1.0,it is very very poor company and not trusted and there is no value of customer and it gives cheap products,False,trust_quality,none,unknown,unknown,[],none,none,unknown,negative
playstore_670e4a7d-ae89-4c96-8b4b-8e061a81f445_563,zepto,playstore,5.0,good quality offers n zero platform fees only on zepto provide best product in cheap price,False,price_value,none,unknown,unknown,['other'],none,none,unknown,positive
playstore_3bd357a8-e88f-4ca0-b4dd-21149e217340_572,zepto,playstore,1.0,TODAY I HAVE ORDERED FRUITS ON ZEPTO BUT THE QUALITY OF FRIUTS IS VERY BAD ITS ROTTEN AND NOT EATABLE I DIDN'T GET THE FRESH FRUITS BUT AFTER THAT WHEN I COMPLAIN THEY DIDN'T LISTEN MY PROBLEM AND DIDN'T REFUND FOR IT ITS TOTALLY WASTE OF MONEY I AM NEVER GOING TO TRUST ZEPTO AGAIN TO ORDER ANYTHING 😡,False,trust_quality,none,replenishment,low,['grocery_staples'],none,none,unknown,negative
playstore_7eb3618e-23d8-4a40-97e4-f4cf79628f4e_583,zepto,playstore,1.0,Choose zepto for Near expiry date bad tasting food items delivered to your doorstep,False,trust_quality,none,unknown,unknown,"['grocery_staples', 'snacks_beverages']",none,none,unknown,negative
playstore_3e097984-85b8-4804-8ca2-bb1216738287_596,zepto,playstore,1.0,"Very disappointing service. I ordered milk from Zepto, and it curdled immediately after heating even though it was within the expiry date. I shared photos as proof, but Zepto refused to issue a refund without properly investigating the quality issue. This is not the first time I've faced this problem. Poor quality control and even worse customer support. Think twice before ordering dairy products from Zepto.",False,trust_quality,none,replenishment,low,['grocery_staples'],none,none,autopilot_narrow,negative
playstore_7201bb57-295c-4faa-b2cd-52a7b3f74535_598,zepto,playstore,1.0,"I ordered the blood sugar check strips but the package is already open so I returned that product .. 2 person came to my house for pickup , I handover the item to them and after going my place ,  over few minutes they wrote that item is not found  , they came from c block location , I don't have that product now and also not getting my refund back ... Thats how zepto riders do scam now I am gonna reviews this each and every platform until I am not getting refund back. Thats the new way to trick",False,returns_support,none,replenishment,low,['pharmacy_otc'],none,none,unknown,negative
playstore_e6594ef2-7987-4689-a64c-1ffde3bb28d6_604,zepto,playstore,1.0,"Last time I'm ordering from them. Since last 2 orders i get rotten or torn packages and when i report it, they say it wasn't like that when packaged and refuse to replace or refund the item. They accuse customer as if item got damaged within 5 mins of delivery. They delete negative app reviews and ask to contact support team but support team also is unhelpful.",False,returns_support,none,unknown,unknown,['other'],none,none,unknown,negative
playstore_ae7ee4d8-bdc1-41d7-9fe1-9ffa76d3d431_605,zepto,playstore,5.0,good quality,False,other,none,unknown,unknown,[],none,none,unknown,positive
playstore_aa318ce7-2c9f-4148-9681-9e82954d25e8_610,zepto,playstore,1.0,expired product delivered,False,trust_quality,none,unknown,unknown,['grocery_staples'],none,none,unknown,negative
playstore_4e961b94-5c5e-4b2f-8bd0-93bca8a64d63_617,zepto,playstore,1.0,Got a dented can of diet coke and it happens right and its okay but you guys should atleast assist the customer and refund their amount or replace the item nothing you guys are like wait until ur another shipment arrives and I'm sorry too bad im not going to use zepto here after the hell is wrong with you guys u aren't even providing proper customer service I wanted a refund to my original account but you guys just asked and didnt proceed and started the old convo copy pasting the same paragraph,False,returns_support,none,replenishment,low,['snacks_beverages'],none,none,unknown,negative
playstore_30a6c6de-c4d3-4d67-af84-0c19f970c22e_623,zepto,playstore,1.0,Recently I purchased jaggery powder from zepto that was expired and torn but when I tried to raise complain firstly zepto catch different product and rejected my complain then I tried again it show product not available for return and replace ment try again but product still available in cart so this is very pathetic,False,returns_support,none,replenishment,low,['grocery_staples'],none,none,unknown,negative
playstore_67e0a931-ebdc-4bd3-8c49-ea987095eb16_625,zepto,playstore,1.0,"zepto service is declining day by day with no proper customer support...I placed my order and the delivery guy did not deliver it on my location and he was missing some items, he thdn started arguing as well(i had paid in advance). On my next order i ordered milk products...expiry date was nowhere to be seen. When i reached out to the customer care, they didnt take proper action...I am going to uninstall this app",False,returns_support,none,replenishment,unknown,['grocery_staples'],none,none,unknown,negative
playstore_3c387d93-d88e-4892-9c12-e5f777d97df7_631,zepto,playstore,1.0,"Extremely disappointing customer service. I received a protein shake with an abnormal appearance and reported it with clear photos. Instead of investigating, Zepto sent contradictory template replies, ignored the actual food safety concern, and refused both a refund and replacement. They care more about closing tickets than protecting customers. Lost my trust completely. Buy food items at your own risk.",False,returns_support,none,unknown,unknown,['snacks_beverages'],none,none,unknown,negative
playstore_69c07ca1-e907-4dfc-97bb-3385a4bdc947_646,zepto,playstore,1.0,"Extremely disappointing experience. I received rotten tomatoes with a foul smell that were not fit for consumption. Despite sharing photos, my complaint was initially rejected with generic template replies instead of a proper review. As a regular customer, I expected much better quality and customer support. This issue is not about ₹5—it is about customer trust. After this experience, I have lost confidence in Zepto and will not be ordering again. I cannot recommend this platform .",False,trust_quality,none,replenishment,low,['grocery_staples'],none,none,autopilot_narrow,negative
playstore_3897874f-ade5-498a-8d4d-c5217100625f_658,zepto,playstore,5.0,Best app for last minute needs,False,other,none,unknown,unknown,[],none,none,unknown,positive
playstore_1c5af0a9-c77d-4946-aa57-5d9536c50f95_660,zepto,playstore,1.0,"everytime I go to take pictures of damaged or rotten products sent by zepto, the app crashes and screen goes completely white and I can't get a refund or replacement. I have contacted zepto via mail multiple times and they refused help everytime. I have lost so much money of this rotten app, I'm giving up now. I'd rather pay 20 bucks extra to other platforms, to make sure my items are not rotten garbage without the security of replacement or refund. App's scamy just like it's scammer founders",False,returns_support,none,unknown,unknown,['grocery_staples'],none,other,unknown,negative
playstore_cca04230-bae4-4b22-94cd-b1cfeb9d2032_662,zepto,playstore,1.0,"delivery is good until an issue happens like product expiry or wrong item, once an issue arises you can't expect to get a proper solution, try blinkit, Swiggy Instamart, dunzo. there are many.",False,returns_support,none,unknown,unknown,['grocery_staples'],none,blinkit,unknown,negative
playstore_f1d074e9-f91b-4b26-a599-856c130de9c9_680,zepto,playstore,1.0,other applications like blinkit and Instamart gives you proper access of editing location after placing orders. it doesn't even have this feature. not recommended to all.,False,app_ux,none,unknown,unknown,[],none,blinkit,unknown,negative
playstore_d8fce327-cfec-48b7-81ed-c3d9a11127e5_688,zepto,playstore,3.0,when its urgent and needed then surely will be late but amount and delivery charges will high,False,delivery_ops,none,urgent_need,unknown,[],none,none,unknown,negative
playstore_f7409fa2-7f47-4853-982e-23fb2bb58873_693,zepto,playstore,1.0,Product quality is bad and poor customer support,False,trust_quality,none,unknown,unknown,[],none,none,unknown,negative
playstore_2ec6cc0d-245d-4d07-956f-fc1952e898ca_704,zepto,playstore,5.0,good quality product good delivery,False,other,none,unknown,unknown,[],none,none,unknown,positive
playstore_543a7b95-6dc5-4c22-a3d8-215b053cfccf_718,zepto,playstore,5.0,I like this app because the price lower than the supermarket,False,price_value,none,unknown,unknown,['other'],none,offline,unknown,positive
playstore_3e885f11-396e-4e6c-bbce-9dc2d1f490e1_719,zepto,playstore,1.0,they sell bad products and then dont return,False,returns_support,none,unknown,unknown,['other'],none,none,unknown,negative
playstore_1fb18dc2-0902-4303-9bef-93fd919e8fe0_721,zepto,playstore,1.0,"Worst customer support ever. Keeps on denying exchange order return of the product even when it's stale and bad smell is there. There is no live support and emailing them is another dissapointment most of the time! They will provide standard replies like it matches their standards, and the audacity of claiming that after sending bad quality below standard products. If this continues I will stop buying anything from zepto very soon, atleast fruits and vegetables are mostly never fresh.",False,returns_support,none,unknown,unknown,['grocery_staples'],none,none,unknown,negative
playstore_d99aaf1f-22aa-4ce1-9b2d-eacae8bb4930_722,zepto,playstore,2.0,"I used to like this app. but it's full of ads nowadays. Too many ads. very annoying. if this continues, I'll uninstall this and buy my groceries offline. the product discounts on all my favourite products have reduced a lot. other apps give more discounts. and aggressively promoting their pay later and other new features ... very annoying.",False,app_ux,none,replenishment,low,['grocery_staples'],none,offline,autopilot_narrow,negative
playstore_66ca7235-6291-4493-a9dc-ffe8dc6b439b_724,zepto,playstore,1.0,no proper support for expired products,False,returns_support,none,unknown,unknown,[],none,none,unknown,negative
playstore_702cd6ce-5394-49c2-a78c-8b27a7fdc10f_729,zepto,playstore,1.0,Please you should not give your expiry product to people.,False,trust_quality,none,unknown,unknown,['other'],none,none,unknown,negative
playstore_ca9229c2-cdfd-45e2-b640-de9aa8159697_733,zepto,playstore,1.0,received expired milk product even in doing complaint with images they are arguing to replace product. quality not at all good ban zepto do but from zepto. even after replying multiple times to customer email id also nothing happened no product replacement or refund given,False,returns_support,none,replenishment,low,['grocery_staples'],none,none,unknown,negative
playstore_0f6fb6d6-cb50-406d-93ca-8881a9db1372_734,zepto,playstore,1.0,I received expired product(facr cleanser) I also raised a return request pick up boy also picked up the product but they r saying not possible to pickup and now I lost my money and product both who r going to responsible for this,False,returns_support,none,unknown,unknown,['beauty_skincare'],none,none,unknown,negative
playstore_55a016ac-a57e-4b20-bea8-d3d98c28b9cd_742,zepto,playstore,4.0,must instruct delivery ware house to see the quality before handing over to delivery boy. always get some of rotten or raw fruits,False,trust_quality,none,unknown,unknown,['grocery_staples'],none,none,unknown,negative
playstore_24b85feb-7c63-4fc4-a42a-8a2b21cbeb3d_746,zepto,playstore,1.0,"bad customer service, don't purchase any product they will not refund and return for products I Have purchases and umbrella and it not even operational and customer support reject saying they have rigorous quality check before sending consumer and its worst.",False,returns_support,none,unknown,unknown,['other'],none,none,unknown,negative
playstore_583275f2-a7f9-44a1-89b7-b92581d7d567_749,zepto,playstore,1.0,"Since past several orders the products are missing from my deliveries. The products arrive with injection marks and ROT a day later!! The chat and customer service agents say that it was checked before handing over to the delivery person. Then, of course! the delivery person is STEALING and DAMAGING fresh produce!! why is no action being taken despite REPEATED one star ratings and repeated complaints??!! Just goes to show how little they value customer feedback!!",False,delivery_ops,none,unknown,unknown,['grocery_staples'],none,none,unknown,negative
playstore_8c18316d-c5b3-4b79-bf3a-715a73243751_750,zepto,playstore,5.0,it's very good app fastest app reasonable prices many offers are there in this app excellent quality,False,other,none,unknown,unknown,[],none,none,unknown,positive
playstore_7bbb3ef3-0dd6-43f5-a3e6-c783b2916046_758,zepto,playstore,1.0,"Missing item,No Resolution Rice bag missing from my Zepto order last night - the priciest item, and the reason I ordered. Rest arrived fine. I mailed Zepto Support, they closed my case saying it was ""dispatched,"" ignoring that it never reached me. I even offered CCTV proof of no delivery. Got a call, ""sorry"" repeated ten times, zero resolution — no refund,no redelivery. Customer since 2023, but this careless handling has cost Zepto my trust completely. Basic complaints deserve real solution.",False,returns_support,none,replenishment,low,['grocery_staples'],none,none,autopilot_narrow,negative
playstore_716da672-ca85-43a9-94c5-789a15ce64ba_761,zepto,playstore,1.0,wrost service don't purchase electronic products he sale fake product,True,trust_quality,trust_quality,unknown,high,['electronics_accessories'],"when I need electronics, I want authentic products, so I can trust the purchase.",none,unknown,negative
playstore_e132ad7a-f42f-4397-a083-33d65d7cfb4d_775,zepto,playstore,1.0,"no use of the zepto club, don't buy waste of money to many products that are not covered under coins to earn. i purchased they said so completely cheating here..my best suggestion don't buy this kind of cheap trick offers",False,price_value,none,unknown,unknown,[],none,none,unknown,negative
playstore_df69e23e-b279-4150-8a0c-88d31920c943_781,zepto,playstore,2.0,"Buttermilk is not being recognized as a food item while paying with a Pluxee/Sodexo meal card on Zepto, so the payment fails. The same product works without any issue on Blinkit, Zomato, and Flipkart. This seems to be an internal categorization/mapping glitch. I have mainly observed this issue in Ahmedabad, Gujarat. Please investigate and fix it.",False,app_ux,none,replenishment,low,['grocery_staples'],none,blinkit,unknown,negative
playstore_2f0d5f0c-93f0-4427-b43f-1e6719b03bbf_785,zepto,playstore,5.0,best price and quality,False,other,none,unknown,unknown,[],none,none,unknown,positive
playstore_71e030c4-e55b-45eb-bd43-a6b4cc8e20af_794,zepto,playstore,1.0,Yesterday I ordered country delight curd Zepto delivered expired product iam very disappointed yesterday I put complaint but no response from Zepto right now I'm uninstalling Zepto application,False,returns_support,none,replenishment,low,['grocery_staples'],none,none,unknown,negative
appstore_14323365165_800,zepto,appstore,5.0,Zepto delivery boys they are deliver door step. There are no excuse but blinkit Flipkart delivery boys they were issue 😂 but thank you Zepto you have good delivery boys some time I give the tip 25rs because they help me out.. thank you Zepto delivery boys🧿👍,False,other,none,unknown,unknown,[],none,blinkit,unknown,positive
appstore_14321895239_807,zepto,appstore,1.0,Literally zepto disappointed me several times. They modify order by their own. Sent expired product . Sent fake products. You will see the difference in zepto product and local store product.,False,trust_quality,none,unknown,unknown,"['grocery_staples', 'other']",none,offline,unknown,negative
appstore_14321630797_810,zepto,appstore,1.0,Havmor x zepto… its a fake advertisement on 19th july 26,False,trust_quality,none,unknown,unknown,['snacks_beverages'],none,none,unknown,negative
appstore_14321579815_811,zepto,appstore,1.0,"Pathetic service over the past two months.

I ordered coffee that was delivered without an expiry label. I immediately raised a return request, and the pickup was completed successfully. However, the app later showed that the return had not been picked up.

When I contacted customer support via email, they replied that I should have reported the issue within 48 hours of the purchase. This makes no sense because I had already raised the return request, and the item was picked up within that timeframe. I contacted them within 48 hours of the return pickup, yet they still refused to resolve the issue.

Very disappointing customer service and a frustrating experience. They need to improve their return process and support.",False,returns_support,none,unknown,unknown,['snacks_beverages'],none,none,unknown,negative
appstore_14320776313_820,zepto,appstore,5.0,Good and quality products,False,other,none,unknown,unknown,[],none,none,unknown,positive
appstore_14318997718_828,zepto,appstore,5.0,"Thanks for your service in Tricity Zepto , i always get best price on zepto , i order a lot of things from you like grocery, gadgets, appliances etc, today i order a Mobile Poco M8 , thanks to open box delivery service.",False,other,none,replenishment,unknown,"['grocery_staples', 'electronics_accessories']",none,none,explorer_broad,positive
appstore_14317857979_835,zepto,appstore,1.0,"Worst service ever. Constant delays, poor customer support, and zero accountability. Completely disappointing. Not recommended.",False,delivery_ops,none,unknown,unknown,[],none,none,unknown,negative
appstore_14317598824_837,zepto,appstore,1.0,"Delivery arrives atleast 10minutes later the expected delivery time. Every order will have missing or replaced product with lesser quantity or poor quality. Customer care support only shares standard response saying everything was delivered intact. Every order, customer will loose atleast 50-100rs. Total scam",False,delivery_ops,none,unknown,unknown,['other'],none,none,unknown,negative
appstore_14317352625_840,zepto,appstore,1.0,"Zepto delivering so many times expired items and sometimes they ar not taking back too,worst app",False,trust_quality,none,unknown,unknown,[],none,none,unknown,negative
appstore_14315498994_849,zepto,appstore,1.0,"I have ordered some
Important things and they told 26 mins for delivery i waited for nearly 1:30 mins aNd contacted support they told like our delivery agents are busy and i told my emergency 
. They were like if you like you can cancel the order and order somewhere else. And my amt will be return in 5-7 business days. After this much of waiting and this kind of rude answer to order somewhere else i literally had no information why they haven’t delivered it. They are saying no delivery partners available after 1:30mins. Very bad experience and this kind of rude behaviour from customer support , i didn’t expected from them.",False,returns_support,none,unknown,unknown,['other'],none,none,unknown,negative
appstore_14315464268_850,zepto,appstore,1.0,I ordered an ice cream and it was expired 2 months ago,False,trust_quality,none,replenishment,low,['snacks_beverages'],none,none,unknown,negative
appstore_14314470258_854,zepto,appstore,1.0,"Zepto is a scam! 
Worst app ever, i ordered 2 eyeshadows and they delivered only one while complained they said I’m lying bcz according to them, all the products were delivered and there no option for complaining just a email support that’s worst. 
Somebody called me back after requesting multiple times and I thought he would resolve the issue but instead he was arguing with me and said “I can’t help you with anything as the seller said they delivered your products” . 
Money wasted and it’s very simple for them to say we can’t help you. 
I would not be using this zepto again. 
Worst app, worst staff working at zepto.
Would not recommend to anyone.
Swiggy and Blinkit is better.",False,returns_support,none,unknown,unknown,['beauty_skincare'],none,blinkit,unknown,negative
appstore_14314397116_855,zepto,appstore,1.0,I finally deleted the app yesterday. There were multiple instances where delivered products were expired. Upon complaining there was no resolution as you were mostly talking to a chatbot. This is the worst app ever. I don't mind paying 10rs extra in Blinkit. This is the worst app ever. If you are not happy with your life and want to die soon then please order from the Zepto app as their expired products will do the needful.,False,trust_quality,none,replenishment,unknown,['grocery_staples'],none,blinkit,unknown,negative
appstore_14313490846_859,zepto,appstore,1.0,"I was charged twice for the same order. When I showed the delivery person that the payment had been deducted from my bank account, he refused to return the duplicate payment and told me to speak to Zepto customer support. I then provided my SBI bank statement, Google Pay transaction details, and bank SMS as proof, but Zepto still claims they have not received any payment. Despite all the evidence, my refund has not been processed. This has caused me unnecessary stress, wasted my time, and left me very disappointed with Zepto’s customer service. I expect my duplicate payment to be refunded immediately.",False,returns_support,none,unknown,unknown,[],none,none,unknown,negative
appstore_14313342610_860,zepto,appstore,1.0,I’ve been a very big regular customer since years for Zepto. From past few weeks I’ve been experiencing very worst products being delivered. Upon approaching their customer executives the response and their resolution are damn worst. Just now I’ve ordered a cold pressed sun flower oil which was delivered in a very bad condition. Bottle was sticky and leaked without manufacturing and expiry dates on it. The help desk says there’s no problems visible with the complaint and they closed the query . I would give 0 rating.,False,trust_quality,none,replenishment,low,['grocery_staples'],none,none,autopilot_narrow,negative
appstore_14312793177_863,zepto,appstore,1.0,Worst app for groceries order it always takes 1 hour to deliver and they always claiming we will deliver in 10 minutes moreover there suport is also same.,False,delivery_ops,none,replenishment,low,['grocery_staples'],none,none,autopilot_narrow,negative
appstore_14312458336_864,zepto,appstore,1.0,Very bad experience with Zepto.. they gave me expired quality products and declined to refund …,False,returns_support,none,unknown,unknown,['other'],none,none,unknown,negative
appstore_14311667345_865,zepto,appstore,1.0,"It works in opposite versus other genuine applications like Blinkit and Swiggy…. Zepto lies us a lot when it comes to delivering.. they mention 5 minutes from 20-25 minutes…

Conclusiding to do t peer chase the other two tool. Except Cellebrite inseyets",False,delivery_ops,none,unknown,unknown,[],none,blinkit,unknown,negative
appstore_14310776236_873,zepto,appstore,1.0,I received an unsealed pack with lesser quality items than mentioned on package and Zepto pushed the onus on me that it’s not their fault because I had paid the invoice amount in full online while placing the order. This happened twice with me and now I am deleting this appp from my phone as I don’t want to be cheated further.,False,returns_support,none,unknown,unknown,['other'],none,none,unknown,negative
appstore_14310205705_875,zepto,appstore,5.0,You can give all the people more discounts then your all goods sell very quickly this my review for just suggestion not at all and then your wish ok,False,other,none,unknown,unknown,[],none,none,unknown,neutral
appstore_14310002624_876,zepto,appstore,1.0,"Be careful when ordering technical products from Zepto. I searched specifically for a CR2032 battery, but the search results prominently displayed a CR2025 battery, which led me to order the wrong product. This appears to be a misleading search experience.

When I realized the mistake, the app initially allowed me to initiate a return, but the “Return this item” button got stuck due to a technical issue. I immediately contacted customer support and shared screenshots. Despite acknowledging the issue, Zepto refused to process a manual return or refund and simply said they would “share my feedback with the team.”

As a customer, I don’t expect to bear the cost of an app’s misleading search results and broken return flow.

Please double-check every product specification before placing an order, especially batteries and other technical items. My experience with customer support and issue resolution was disappointing.",False,search_findability,none,search_intent,low,['electronics_accessories'],none,none,unknown,negative
appstore_14309791226_877,zepto,appstore,1.0,"I am reporting a highly distressing situation caused by a glitch in your app. I placed the order in the morning and received a defective product that I needed to return. First the return itself took more than an hour. Now i have received the refund for my order, but your system appears to have automatically suspended the delivery partner's ID. Because his driver app is not loading and his livelihood is at stake, he is repeatedly returning to my private residence in a state of extreme distress. As the customer, I want to clarify that I have absolutely no complaint against the delivery partner. He did his job perfectly. Your system's automated block on his account is a mistake. Please review and reinstate his driver ID immediately. For safety, privacy, and peace of mind, I cannot have a distressed delivery executive repeatedly showing up at my home due to a software error on your end.",False,returns_support,none,unknown,unknown,[],none,none,unknown,negative
appstore_14309615442_878,zepto,appstore,1.0,"Worst quality, delivery and customer interaction among all the grocery apps. I am using all of them but this is worst. From past few months the issues are coming very reguIarly. I ordered ice cream it came with broken seal and melted. I ordered corn it came rotten and half eaten. I ordered frozen snacks it was on the page but not in the stock instead they send another product and not once but twice with same order.

I suggest don’t use Zepto.",False,trust_quality,none,replenishment,unknown,"['snacks_beverages', 'grocery_staples']",none,none,autopilot_narrow,negative
appstore_14309172985_886,zepto,appstore,1.0,"received a used product instead of a new one, which is completely unacceptable. I expected a sealed, unused item, but the product appeared to have been opened and previously used. This raises serious concerns about Zepto’s quality checks. Very disappointed with the service. I hope Zepto improves its quality control and ensures customers receive only new, genuine products.",False,trust_quality,none,unknown,unknown,['other'],none,none,unknown,negative
appstore_14309161557_887,zepto,appstore,1.0,"Since a month or so no vegetable or any raw things come fresh . Everything is rotten . Been your customer since years , but now quality is pathetic in RMV 2 nd stage . Fedup of complaining all the time . Please rectify",False,trust_quality,none,replenishment,low,['grocery_staples'],none,none,autopilot_narrow,negative
appstore_14308762634_890,zepto,appstore,1.0,Got expired products 2 times in a week first time chocolate then paneer … please do check the products before you deliver them to us,False,trust_quality,none,replenishment,low,"['snacks_beverages', 'grocery_staples']",none,none,unknown,negative
appstore_14308640312_891,zepto,appstore,1.0,Poor customer service and zero accountability. Complaints are closed with false claims like ‘customer not reachable’ without even calling. Refunds are denied without proper investigation. Very disappointing after-sales support. Not recommended.”,False,returns_support,none,unknown,unknown,[],none,none,unknown,negative
appstore_14308610848_892,zepto,appstore,1.0,"No option to return, like any other app has
If they continue not taking the rotten things return on the spot, then switch to D Mart and Amazon fresh",False,returns_support,none,unknown,unknown,['grocery_staples'],none,other,unknown,negative
appstore_14307654289_893,zepto,appstore,1.0,"I had to pay for the company and their dark store’s mistakes literally. They never redelivered my missing item, neither did they return the money. They have been messing up the order multiple times and since I raised the request due to their inability to get it right, my account privileges were taken, and ultimately they stopped resolving my concerns, even though they were genuine. Zero accountability, zero research and zero customer service.",False,returns_support,none,unknown,unknown,[],none,none,unknown,negative
appstore_14307131652_896,zepto,appstore,2.0,"I like Zepto when instant delivery is available because the store is very close to my location, and my orders usually arrive in about 6 minutes. However, almost every night the instant delivery option gets disabled and only next-day delivery slots are shown.
If the order is going to be delivered the next day anyway, then what’s the point of calling it an instant delivery app? Because of this, I often end up ordering from other apps. I have no problem using other platforms—they usually deliver in around 18 minutes. The only advantage Zepto has for me is that its nearby store makes deliveries much faster. I just wish instant delivery remained available at night instead of disappearing every day.",False,delivery_ops,none,unknown,unknown,['other'],"when I need groceries urgently at night, I want instant delivery, so I can receive my order within minutes instead of next morning",other,autopilot_narrow,negative
appstore_14307101953_897,zepto,appstore,1.0,"The orders are never delivered within the given timeframe. When done, they either provide expired product or wrong item. 
Worst customer support ever!",False,delivery_ops,none,unknown,unknown,['other'],none,none,unknown,negative
appstore_14306958436_898,zepto,appstore,1.0,Daily I use to place orders in Zepto but for my last order they delivered damaged products. When I requested for replacement they replied the product was delivered in good condition. I tried explaining with pics still they ignored. Customer associates are the worst in Zepto. When the brand grows they change the moral values & forgets customers are the back bone of their growth. Anyway I can’t take anymore risk placing orders with Zepto. Yes due to damage products I lost few bugs but am taking this as a lesson.,False,returns_support,none,unknown,unknown,['other'],none,none,unknown,negative
appstore_14306639500_900,zepto,appstore,1.0,dmart ya local grocery store se rate compare kijiye delievery free ke naam pe bahot zyada paisa wasool kar raha hai,False,price_value,none,replenishment,unknown,['grocery_staples'],none,offline,autopilot_narrow,negative
appstore_14306135105_904,zepto,appstore,1.0,Order Nandini Milk to get Spoiled one each and every time. I guarantee this!,False,trust_quality,none,replenishment,unknown,['grocery_staples'],none,none,unknown,negative
appstore_14305572062_905,zepto,appstore,5.0,Anything within minutes 👌🏻👌🏻👍🏻👍🏻,False,other,none,unknown,unknown,[],none,none,unknown,positive
appstore_14305373561_907,zepto,appstore,1.0,They should change the name 10 min groceries 😂😂i have order 1 hrs ago and still it hasn’t delivered woww im uninstalling right now 👎🏻👎🏻👎🏻👎🏻,False,delivery_ops,none,replenishment,low,['grocery_staples'],none,none,unknown,negative
appstore_14303765869_913,zepto,appstore,1.0,They have the worst quality of vegetables and fruits. Also on highlighting about missing items they don’t consider the complaint seriously. You need to consider few items missed and your money wasted of you order from this app,False,trust_quality,none,unknown,unknown,['grocery_staples'],none,none,unknown,negative
appstore_14302569416_919,zepto,appstore,1.0,Recently i had return an item and delivery partner picked up that product but on zepto application its showing return failed and did not give and refund and major issue you can not contact their customer support team. So i suggest buy product from trusted platform instead of loosing money on zepto.,False,returns_support,none,unknown,unknown,['other'],none,other,unknown,negative
appstore_14301593064_923,zepto,appstore,1.0,"Here’s a concise and firm complaint you can send to Zepto:

Hi Zepto Team,

I ordered a packet of Maggi from Zepto this morning. I just opened it to cook, and I was shocked to find so many ants inside the sealed package.

This is completely unacceptable and raises serious concerns about your quality checks and storage standards. Food products should never be delivered in this condition.

If this issue is not addressed immediately, I will escalate this concern across all platforms and share my experience publicly. Had I not noticed this in time, the entire packet would have been infested with ants.

Please look into this matter urgently and take appropriate action.",False,trust_quality,none,replenishment,low,['snacks_beverages'],none,none,unknown,negative
appstore_14300307781_931,zepto,appstore,1.0,"Absolute scammers. Received a broken product and got zero help. Their support agent ""Amit"" was extremely rude and flat-out refused a replacement. Email support is just as useless. Do not be fooled by their high ratings—they clearly buy reviews. SMART WARNING: NEVER give the delivery rider your OTP until you have opened the bag and fully inspected your items! Once they get the OTP, they steal your money and block you. Stay away!",False,returns_support,none,unknown,unknown,['other'],none,none,unknown,negative
appstore_14299675648_933,zepto,appstore,1.0,"I received a bottle of mustard oil which has no signs of fortune stickers over it. This is duplicate oil thaat i received. I cant even spot the expiry date of the product. Not sure if the mustard oil that i received was original or duplicate. This is really disgusting. Requesting you all who are reading this, please stop ordering from zepto. 
They are delivering duplicate products with the same packaging or else the expired products. 
Have uploaded multiple images but still they are not taking any action. It is just if we have paid it once, then they are not going to do anything 
Truly disgusting.",False,trust_quality,none,replenishment,unknown,['grocery_staples'],none,none,unknown,negative
appstore_14299415902_934,zepto,appstore,1.0,Loved it when it first launched then they started giving the worst products then again became really useful but now the shop at my location send the worst kept products everytime and their customer executives are worse than their really bad AI bot. This business knows how to make people trust in ai bots. Had to deal with some of the worst customer care “human” employees. 👎👎👎👎,False,trust_quality,none,unknown,unknown,['other'],none,none,unknown,negative
appstore_14299189883_936,zepto,appstore,1.0,"Absolutely terrible customer service. I ordered a pack of Marlboro Red worth around ₹240, but Zepto delivered a completely different cigarette pack worth only ₹60. To make matters worse, they refused to provide a fair resolution.My roommate accidentally opened the incorrect pack before we realized it wasn’t what we had ordered. I even offered to pay for the opened pack by deducting its full value (₹60) from my refund, which I think is more than fair. Despite this, Zepto refused to refund the remaining amount for their own delivery mistake.It’s unbelievable that customers are expected to bear the cost of an error made by the company. Delivering the wrong product and then hiding behind a policy to deny a reasonable refund is unacceptable. If something goes wrong with your order, don’t expect Zepto to take responsibility. Their customer support is rigid, unhelpful, and clearly not interested in treating customers fairly. This experience has completely destroyed my trust in Zepto, and I won’t be ordering from them again.",False,returns_support,none,replenishment,low,['other'],none,none,unknown,negative
appstore_14298500733_940,zepto,appstore,1.0,"I had ordered from Zepto and received stale carrots almost rotten with some animal bite mark on it. 
Capsicum was almost spoiled. 
I have seen this twice, explore more deliver apps before using Zepto.",False,trust_quality,none,replenishment,low,['grocery_staples'],none,other,unknown,negative
appstore_14298006932_944,zepto,appstore,1.0,"I had a very disappointing experience with my recent order. I received the wrong product and immediately requested an exchange/return. I was informed that the replacement would be delivered within 10 minutes, but it never arrived. I was then asked to reschedule the delivery for the 9:00 PM–10:00 PM slot, which I did. Unfortunately, the replacement still wasn’t delivered.The following day, I tried to reschedule again, but the order status showed as expired.When I contacted customer support, the experience became even more concerning. Instead of resolving my issue, the representative instructed me to go to the Play Store and change my phone’s default settings to process the refund. I explained that I use an iPhone with the App Store, after which the representative said they would contact me on WhatsApp and asked me to follow their instructions to receive the refund. I found this highly unprofessional and suspicious, as no customer should be asked to change phone settings or continue a refund process over WhatsApp. I expected a simple exchange or refund for the wrong product, but instead faced repeated delays and an extremely concerning customer support experience.",False,returns_support,none,unknown,unknown,['other'],none,none,unknown,negative
appstore_14297877515_946,zepto,appstore,1.0,Worst quality groceries ever. They sell poison.,False,trust_quality,none,unknown,unknown,['grocery_staples'],none,none,unknown,negative
appstore_14297540571_948,zepto,appstore,1.0,"I have been using Zepto for quite some time, but my experience has become increasingly disappointing. The quality of the vegetables is often poor, and on multiple occasions I have received expired products with what appear to be reprinted labels. This is extremely concerning because customers trust online grocery platforms to deliver fresh and safe products.

The biggest disappointment is the customer support. Every time I report these issues through the chat, the representative either gives a generic response or abruptly ends the conversation by saying “Thank you,” without offering a proper resolution. This has happened to me several times, making it clear that customer concerns are not being taken seriously.

I pay for convenience and quality, not expired products and poor service. If this continues, it gives customers the impression that the company prioritizes sales over customer satisfaction. I hope Zepto improves its quality control, stops delivering expired products, and trains its customer support team to actually resolve customer complaints instead of closing chats without a solution.",False,trust_quality,none,replenishment,low,['grocery_staples'],none,none,autopilot_narrow,negative
appstore_14293019344_969,zepto,appstore,1.0,"I order an iron today, first of all it took 1 and 1/2 hour to reach at my address, when it reached, I found it to be faulty. It is taking hours to heat up and is not even iron simple cotton shirt. Earlier they were showing one day return and now they just have the option of replacement. Bro this is not done. And this isn’t the first time, it has happened with me earlier also. The customer care is pathetic, they don’t respond to your concerns. I want my money back. I am giving one star but if there was an option of giving zero, it would have chosen that.",False,returns_support,none,unknown,unknown,['home_kitchen'],none,none,unknown,negative
appstore_14293018845_970,zepto,appstore,1.0,"Despite being a loyal customer for years, they recently started moving on with my complaints rather than taking action: replacing or refunding. 
Use “InstaMart” instead but never this app.",False,returns_support,none,unknown,unknown,[],none,other,unknown,negative
appstore_14292955103_971,zepto,appstore,1.0,"Extremely disappointing experience with Zepto. The service has become unreliable, with delayed deliveries, poor customer support, and frequent issues with order accuracy. Instead of resolving problems quickly, customer service often provides generic responses without offering a proper solution.

This has been one of the worst delivery experiences I’ve had. I expected much better from a platform that promises fast and reliable service. Unless there are significant improvements in delivery quality, order handling, and customer support, I would not recommend Zepto.",False,delivery_ops,none,unknown,unknown,[],none,none,unknown,negative
appstore_14292730537_973,zepto,appstore,1.0,Customer support is really poor and you only get an automated responses. Incase of any issues during delivery a thorough investigation will never be conducted.,False,returns_support,none,unknown,unknown,[],none,none,unknown,negative
appstore_14292722243_974,zepto,appstore,2.0,"Wrong size sent when asked for exchange they denied , big brands like Amazon , Myntra , Flipkart allow and these people gave reasons saying this is personal product, the guy who i chatted with was only sending system generated responses, when i asked him the app says this product can be exchanged till tomorrow so i still have time , shared the picture too but he said it’s company policy, till the end he did not answer why does it allow exchange on the app it says but you are denying. Horrible service.",False,returns_support,none,unknown,unknown,['fashion_apparel'],none,myntra,unknown,negative
appstore_14292207679_977,zepto,appstore,5.0,Perfect quality this product,False,other,none,unknown,unknown,[],none,none,unknown,positive
appstore_14291703387_979,zepto,appstore,1.0,"I had one of the worst experiences with Zepto today.

I had only ₹205 in my account, and after not eating anything for 8–9 hours, I ordered eggs and bread. I made the full payment because I trusted that once the payment was successful, my order would definitely be delivered.

Since my health is not good, I took my prescribed medicine believing my food would arrive shortly. However, after taking the payment, my order was cancelled by the store. When I contacted support, I was told that my refund would take 3–5 days.

This is completely unacceptable. If you accept a customer's payment, you should either deliver the order or provide an immediate refund if the order is cancelled. Keeping a customer's money for several days after cancelling the order is unfair, especially in situations where that money is all they have.

At the time of writing this, it is around 3:11 AM. I live alone, I have no food, I have already taken my medicine, and I have no way to arrange money or ask anyone for help at this hour. Taking medicine on an empty stomach can be risky, and this situation has caused me immense stress.

This is not just about ₹205. It is about customer trust, responsibility, and basic human concern. I hope Zepto reviews its cancellation and refund policy so that no other customer has to go through such a distressing experience",False,returns_support,none,urgent_need,low,['grocery_staples'],none,none,unknown,negative
appstore_14290109977_984,zepto,appstore,1.0,Very disappointed with my Zepto experience. I have received spoiled and rotten mangoes and coconuts with very less quantity of water. The quality procedures seems incompatible specially in fresh fruit and vegetables,False,trust_quality,none,replenishment,low,['grocery_staples'],none,none,unknown,negative
appstore_14289907276_986,zepto,appstore,1.0,I had been using Zepto from last three years initially it was deliver good quality but right for every packs of Milk one pack was spoiled one and coming fruits almost in bad condition and more over some price are too high compared to market plac,False,trust_quality,none,replenishment,low,['grocery_staples'],none,none,autopilot_narrow,negative
appstore_14286524361_1001,zepto,appstore,1.0,"Items in the cart will automatically gets out of stock and at the time of billing it gets added. There is no chat option, there is no cancellation even if you're going to cancel it within a minute. It will show you the delivery time as 30-45 mins, order is getting packed yet you cannot cancel it. Now packaging, items are handed to you in a normal plastic bag. Trust me uninstall this app, we have better option with other players as amazon now, blinkit, instamart coming in... very bad app and pathetic service.",False,returns_support,none,unknown,unknown,[],none,other,unknown,negative
appstore_14285658733_1005,zepto,appstore,1.0,"You see , you like product, they will increase prices 
Still you order you get fake or low quality product 
All items even milk is not handled properly usually soiled packs
Pretty bad experience in last few months.",False,trust_quality,none,replenishment,unknown,['grocery_staples'],none,none,unknown,negative
appstore_14285600109_1006,zepto,appstore,1.0,"They sell cheap almost expiring, damaged and bad quality products so they can show the lowest prices on their apps. Way better to order form Swiggy or Blinkit",False,trust_quality,none,unknown,unknown,['other'],none,blinkit,unknown,negative
appstore_14285302503_1007,zepto,appstore,1.0,Worst shopping app. Should have return policy. Many times they will deliver expired items which is really painful to discard and they will not take it back. Although they refund but there should be return policy.,False,returns_support,none,unknown,unknown,['grocery_staples'],none,none,unknown,negative
appstore_14285069253_1009,zepto,appstore,1.0,Zepto service is horrible. I have faced issues like ordered something and waiting for order meanwhile delivery agent just sit somewhere and chill. I called agent multiple times but he is not picking up the call. The vehicle on the map is even not moving till last one hour. And there is no way to connect with Zepto customer care and even we cannot cancel order. Totally pathetic service and will never recommend to anyone.,False,delivery_ops,none,unknown,unknown,[],none,none,unknown,negative
appstore_14284557769_1016,zepto,appstore,1.0,This people are selling expired products by actually erasing the dates on the packet and then they say from our end its within usage n all how can these people force consumers to have something that has no expiry or manufacturing date visible on it such a useless app with useless team surely i’ll be raising this issue further zepto enjoy looting the consumers and playing with their health would really recommend people stop using such cheating apps,False,trust_quality,none,replenishment,unknown,['grocery_staples'],none,none,unknown,negative
appstore_14284537680_1017,zepto,appstore,1.0,They send you melted Products or expiry an old items and they say we check with team we sent you in good condition no apologise no refund you can try.,False,trust_quality,none,unknown,unknown,['other'],none,none,unknown,negative
appstore_14284239953_1019,zepto,appstore,1.0,"Their customer service team is unhelpful. They are unlikely to address reported issues and often support the seller’s position, even when customers receive damaged, expired, rotten, or stale products. Customers should not expect a refund and should consider this risk before proceeding.",False,returns_support,none,unknown,unknown,['grocery_staples'],none,none,unknown,negative
appstore_14282189702_1025,zepto,appstore,1.0,"I used to spend upwards of ₹10,000 a month on this app, but I am completely done. I ordered ice cream and a Diet Coke, and they arrived completely melted and warm. When I reached out to chat support, I was trapped in a loop of automated bot replies claiming the liquid ice cream was ""delivered in good condition.""
It gets worse. When I finally got on the phone with customer service to escalate the issue, the agent refused to transfer me to a supervisor, put me on hold to run out the clock, and then deliberately hung up on me. A second agent, Susmitha, called back later just to say she was ""taking feedback"" and abruptly hung up on me again.
I didn't even want a refund—I just wanted accountability. Their outsourced support team cares more about closing tickets and protecting their call metrics than actually helping loyal customers. If you are ordering in Chennai and expect cold items to actually arrive cold, use their competitors instead. Completely unacceptable service. Uninstalling immediately.",False,returns_support,none,replenishment,low,['snacks_beverages'],none,other,unknown,negative
appstore_14281697253_1028,zepto,appstore,1.0,"I've been using Zepto for the last two years. Have I ever raised a complaint about any delivery partner before? I don't think so. But this issue has happened repeatedly, and it's unacceptable.

Your delivery partners simply refuse to deliver to the doorstep and directly tell customers, ""If you want your order, come downstairs and collect it."" Today, I even informed the delivery partner that I was in a meeting and couldn't come down, but he still refused to deliver the order to my doorstep.

If I had the time to go downstairs and collect my order, why would I use Zepto in the first place? I could simply go outside and buy the items myself. The whole purpose of ordering through Zepto is doorstep delivery and convenience.

Please speak to your delivery partners and resolve this issue. I don't want this to happen again—not just to me, but to any customer. I expect better service from a company I've trusted for the past two years.",False,delivery_ops,none,unknown,unknown,[],none,none,autopilot_narrow,negative
appstore_14280601428_1034,zepto,appstore,1.0,"Guys don’t use this App , there are selling a cheap quality vegetables and fruits either high price , and we can’t even able to contact them, this app is a scam. Don’t use they will loot your money by selling a poor quality products.",False,trust_quality,none,unknown,unknown,['grocery_staples'],none,none,unknown,negative
appstore_14279091338_1038,zepto,appstore,1.0,"Ordered Original Apple charging Wire, got fake old model USB to C Wire",False,trust_quality,none,unknown,unknown,['electronics_accessories'],none,none,unknown,negative
appstore_14277417344_1045,zepto,appstore,1.0,Now able to see my referral code and could not able to suggest to other,False,app_ux,none,unknown,unknown,[],none,none,unknown,negative
appstore_14277186776_1047,zepto,appstore,1.0,"I ordered a Royal Enfield helmet which clearly mentioned that it has a 3 days return policy, when the helmet arrived its packaging was very dirty and it had dirty handprints all over the cover. When i tried contacting them that i want a return or exchange as the product i ordered has 3 days return policy they simply said that they couldn’t do anything cause the product is intact. After multiple complaints in the chatbox they are not letting me complain again and there are false reply on the mail that they tried calling me and are not able to reach me.
Please don’t trust this app while ordering anything expensive. I was thinking of buying a phone from here but now i’m just deleting their app. Worst app and worst support.",True,returns_support,trust_quality,unknown,high,['electronics_accessories'],"when considering expensive electronics, I want reliable returns support and authentic product condition, so I can confidently purchase.",none,unknown,negative
appstore_14276846527_1051,zepto,appstore,2.0,The delivery system and management is absolutely horrible. Very frequent wrong deliveries and the customer support is absent and the poorest quality of products delivered every time,False,delivery_ops,none,unknown,unknown,[],none,none,unknown,negative
appstore_14276840659_1052,zepto,appstore,5.0,"This is the first time I’m writing a review Zepto is the best instant delivery apps out there easy to deal with no delivery fee or handling charges over 149 great offer and discounts wide variety of products and great customer service. I love you guys 
Just start giving coupons to regular customers hahah",False,other,none,unknown,unknown,[],none,none,unknown,positive
appstore_14276763105_1053,zepto,appstore,1.0,Product review,False,other,none,unknown,unknown,[],none,none,unknown,neutral
appstore_14276601069_1056,zepto,appstore,1.0,"I had a very disappointing experience with Zepto. My order arrived with some items missing, and I strongly believe they were taken before delivery. When I contacted customer support, instead of investigating the issue properly, they simply denied my complaint and refused to provide any proof, such as packing or delivery evidence.

As a customer, I expect transparency and accountability. If Zepto claims that the order was packed correctly, they should be able to provide supporting evidence. Simply rejecting the complaint without a proper investigation is unacceptable.

I am extremely dissatisfied with both the delivery service and the customer support. This experience has completely damaged my trust in Zepto. I hope the company takes customer complaints more seriously, conducts a fair investigation, and ensures that such incidents do not happen to other customers.",False,returns_support,none,unknown,unknown,[],none,none,unknown,negative
appstore_14274793973_1063,zepto,appstore,1.0,Zepto have one of the pathetic customer care service when it comes to any electronic item. Order via Amazon it would be easier.,True,returns_support,trust_quality,unknown,unknown,['electronics_accessories'],"when I need to purchase electronics, I want reliable customer support, so I can resolve issues confidently.",amazon,unknown,negative
appstore_14274291444_1065,zepto,appstore,1.0,"Received wrong & bad quality products . I shared clear image proof multiple times, yet all I received were template replies and false assurances of callbacks. Despite repeatedly requesting to speak with a senior support representative, no one contacted me.
The issue wasn’t just the wrong products—it was the complete lack of accountability and customer care. Customers should not have to pay for products they didn’t order or groceries that are not in acceptable condition.
Very disappointing experience with Zepto’s customer support and complaint resolution.",False,returns_support,none,unknown,unknown,['grocery_staples'],none,none,unknown,negative
appstore_14274162293_1066,zepto,appstore,5.0,Highly Recommended,False,other,none,unknown,unknown,[],none,none,unknown,positive
appstore_14273326167_1071,zepto,appstore,1.0,Fraudulent and third class app giving third class services to customer giving poor quality products and denied refund too.,False,trust_quality,none,unknown,unknown,['other'],none,none,unknown,negative
appstore_14272574389_1076,zepto,appstore,5.0,"Services are so horrible, they take 30 mnt to 1 hour to delive.. if delivered wrong product they do not arrange replacement same time, i got a wrong product, then in replacement after an hour nobody came but delivered marked.. then im chatting cs, wasting time… and they are asking to arrange pickup again… a lot of time product left out with me only .. waste of money.. refund goes to wallet",False,delivery_ops,none,unknown,unknown,['other'],none,none,unknown,negative
appstore_14271210101_1079,zepto,appstore,1.0,"I had one of the worst shopping experiences with Zepto.

I ordered a mouse and keyboard combo with Open Box Delivery. During delivery, the delivery executive only showed me the keyboard and mouse and asked for the OTP. After I provided the OTP and properly opened the mouse packaging, I discovered that the USB receiver (dongle) was missing, making the wireless mouse completely unusable.

When I contacted customer support, they simply refused to help, stating that it was an Open Box Delivery and therefore they could not offer a replacement or refund. This is extremely disappointing because Open Box Delivery is meant to verify that the correct product has been delivered—not to inspect every internal component or accessory sealed inside the packaging.

Customers should not be penalized for missing items that cannot reasonably be verified during doorstep delivery. Instead of taking responsibility, Zepto has chosen to hide behind its policy and leave the customer with a defective, unusable product.

I expected much better service from Zepto. If this is how genuine issues are handled, I cannot recommend ordering electronics from them. Think twice before purchasing anything through Zepto, especially products with Open Box Delivery.",True,returns_support,trust_quality,search_intent,medium,['electronics_accessories'],"when I need to purchase electronics with confidence, I want reliable return and support policies, so I can trust the platform to resolve issues fairly",amazon,unknown,negative
appstore_14270689061_1084,zepto,appstore,1.0,It is the worst delivery app. 10 out of 10 orders delayed. Not just 10-15 mins but on an average 25-35 mins late. Always shows slightly late and delay in order. And 6 out of 10 times I receive bad packed and miserable condition product. I strongly suggest not to order from this app if you want peace of mind and value your time.,False,delivery_ops,none,unknown,unknown,[],none,none,unknown,negative
appstore_14270260438_1087,zepto,appstore,1.0,"Extremely disappointed with Zepto. The products I received did not match the description, and one of them didn’t even work properly. Despite this, customer support refused to process a return or provide a satisfactory resolution.

On top of that, the delivery took much longer than the promised time, which completely defeats the purpose of using a quick-commerce app.

Overall, the experience was frustrating from start to finish—misleading product descriptions, poor quality control, and unhelpful customer service. I’ll be using Blinkit going forward, as I’ve had a much more reliable experience there.

I would not recommend Zepto until they improve their product quality, return policy, and delivery reliability.",False,returns_support,none,unknown,unknown,[],none,blinkit,unknown,negative
appstore_14269176244_1090,zepto,appstore,1.0,This is probably the worst delivery app ever. Even Bigbasket is better than zepto. Pls don’t order from here. There have been so many instances where i have gotten wrong products delivered and when i go to the help section they deny to return saying it’s the correct product or they say to drop an email which takes at-least 24 hrs to get a reply or solution. They lie to your face saying that they have sent the right product. Zepto literally takes their customers to be fools! Happening the 4th or 5th time with me now and i am resorting to this. Very highly disappointing. They even ask for otp on purpose so that it is more difficult to initiate return or exchange. Pls beware and rather pay a few extra rupees on other apps like blinkit or instamart rather than order from here. So fed up!!,False,returns_support,none,unknown,unknown,['other'],none,bigbasket,unknown,negative
appstore_14266454293_1104,zepto,appstore,1.0,Poorest quality with smell,False,trust_quality,none,unknown,unknown,[],none,none,unknown,negative
appstore_14266134592_1106,zepto,appstore,1.0,"Cockroaches coming out of the packs.. Received Extremely unhygienic and weird smelled products .. 

Your hygiene standards are getting very low ! Daily",False,trust_quality,none,replenishment,unknown,['grocery_staples'],none,none,unknown,negative
appstore_14265171528_1110,zepto,appstore,1.0,Be aware they are scamming people as when you complain they say it’s a not returnable item then do hell man how you are selling this online delivery in minutes you are delivering cancer more at door step and not carrying what you are delivering make a barcode to know whether it’s ur store cigarettes or being delivered from outside with store manager involvement whole bangolre delivery sucks,False,returns_support,none,unknown,unknown,['other'],none,none,unknown,negative
appstore_14264828750_1113,zepto,appstore,1.0,He was not able to come at my location he vi very mad i need urgent things but zepto is very un usefull,False,delivery_ops,none,urgent_need,unknown,[],none,none,unknown,negative
appstore_14264605782_1115,zepto,appstore,1.0,"Always I see handling charges 40, whereas I don’t see in other accounts. Very restricted compare to other apps",False,price_value,none,unknown,unknown,[],none,other,unknown,negative
appstore_14264274785_1116,zepto,appstore,1.0,"This is extremely misleading. I ordered these Quaker Rolled Oats from Zepto because the product image on the app clearly showed 12g protein per 50g serving. However, the product I actually received has a nutrition label stating only 4.7g protein per 40g serving (11.8g per 100g).

The image displayed on the app appears to have been altered or edited to make the protein content look significantly higher. I specifically purchased this product for its advertised nutritional value, and what I received does not match the information shown in the listing.

Whether this was an error or an intentionally edited image, it is misleading to customers and influences purchasing decisions. Zepto should immediately correct the listing, investigate how this happened, and ensure product images accurately reflect the actual packaging. This kind of misleading product information damages customer trust.",False,trust_quality,none,search_intent,high,['grocery_staples'],none,none,unknown,negative
appstore_14263331073_1117,zepto,appstore,5.0,"Zepto cafe is good with food, good prices compared with Amazon and Flipkart. Electronics also good price and fast delivery",False,price_value,none,unknown,unknown,"['snacks_beverages', 'electronics_accessories']",none,amazon,unknown,positive
appstore_14262065004_1121,zepto,appstore,1.0,worst app and worst company shows delivery as 30 min and it has been delivered after 1.5 hours also .No customer support and no call back request nothing we should sit and chat with Ai for our query which is useless if you don’t reply within 1 min the chat request is closed we wait for hours and they don’t wait for a min im uninstalling immediately an recommend no one to use this app,False,delivery_ops,none,unknown,unknown,[],none,none,unknown,negative
appstore_14261979422_1123,zepto,appstore,1.0,Didn’t help with the expired product received,False,returns_support,none,unknown,unknown,[],none,none,unknown,negative
appstore_14261438504_1125,zepto,appstore,1.0,"Extremely disappointing customer service. I ordered fresh vegetables, but the tinda delivered was overriped that it wasn’t suitable for cooking. Instead of addressing the actual issue, I received multiple copy-paste responses claiming the product matched the description and even mentioning an “expiry date” for a fresh vegetable, which made no sense.

It was obvious that no one genuinely reviewed my complaint. The responses were repetitive, generic, and completely ignored the concern I had raised. As a customer, I expected a fair quality check or at least a meaningful investigation, but all I got was an automated rejection.

Fast delivery means nothing if the quality is poor and customer support refuses to take responsibility. I expected much better from Zepto. Until they improve their quality control and customer support, I cannot recommend this app.",False,returns_support,none,replenishment,low,['grocery_staples'],none,none,unknown,negative
appstore_14260481680_1128,zepto,appstore,1.0,"Promises 20mins or 10mins before ordering and then delays it without even updating real time. Apologises using bots. This is like 10th time i observed before ordering shows short delivery time but after placing order you dont know when it comes. Seems no proper alignment of orders to deliver and assignment. Delivery guys i spoke to complain of last minute additions which are not even on same route or near by. What are you using your platforms software for if it cannot give real time before ordering. If i dont know when it comes then its as bad as a govt rtc bus like in 90’s. Better blinkit and big basket. Thanks for giving wrong timelines and no questjon of trusting again.
Hyderabad",False,delivery_ops,none,unknown,unknown,[],none,blinkit,unknown,negative
appstore_14260457125_1130,zepto,appstore,2.0,There is no way to return the articles which were received in poor quality,False,returns_support,none,unknown,unknown,['other'],none,none,unknown,negative
appstore_14258878891_1133,zepto,appstore,1.0,Worst app don’t use all low quality products,False,trust_quality,none,unknown,unknown,[],none,none,unknown,negative
appstore_14258606956_1135,zepto,appstore,1.0,"Worst app, I have ordered my groceries & the delivery person is delivery 2 order at same time. Even the customer care is almost supporting.",False,delivery_ops,none,replenishment,unknown,['grocery_staples'],none,none,unknown,negative
appstore_14258507247_1136,zepto,appstore,1.0,"every time I had received order less items …Every time asking for missed item  amount  this is worst management…I will delete this app now
And I will suggest my frnds dont buy in zepto it’s fake app and fake management",False,returns_support,none,unknown,unknown,['other'],none,none,unknown,negative
appstore_14258411960_1138,zepto,appstore,5.0,"I’ve always loved using Zepto because of the fast delivery and my place is a bit interior as well with Zepto still Developers not even Instamart comes to my place but Zepto delivers here and itself. I’m very happy not only that if anything goes wrong if I Complaint the customer care, they sorted out so fast. It’s a it’s amazing using Zepto and I don’t know. I don’t think I’ll use any other app except Zepto unbelievable deals. I get you know if I purchase a particular amount I get some cashback also like I like Offer something like that they’re also like deals every other day so yeah that’s not a promotion or anything but truly I really love using Zepto almost use it daily. It’s become that bad but yeah, I’m reliant on Zepto for my everyday needs.",False,habit_convenience,none,replenishment,low,['grocery_staples'],none,none,autopilot_narrow,positive
appstore_14257566904_1142,zepto,appstore,1.0,"Refused to Resolve Missing Item!Do not trust Zepto. I ordered two packets of an item, but the delivery executive only handed over one.When I contacted customer care to report the missing item, they completely refused to resolve the issue or offer a refund. Instead of checking their inventory or delivery logs, they simply closed the ticket and denied support.They are happy to take your money upfront but offer zero accountability when they mess up your order. Absolutely pathetic customer service. Save your money and use other delivery apps that actually care about their customer",False,returns_support,none,unknown,unknown,['other'],none,other,unknown,negative
appstore_14257345238_1143,zepto,appstore,1.0,"Zepto has one mantra, you purchase from me but I will never refund or provide replacement for anything gone wrong. So be careful before you purchase from Zepto.",False,returns_support,none,unknown,unknown,[],none,none,unknown,negative
appstore_14256201590_1149,zepto,appstore,1.0,"Whenever try to order vegetables they exclude them saying exceeded by 1 order again tomorrow is this some kind of joke or what, does they do this to show how much traffic they are generating it is a scam I have never seen anything like this in other apps they know how to treat their customers and they don’t create fake traffic like this for example blinkit, Swiggy instamart, Jio mart, big basket. Idiotic app and idiotic developers and scam like this doing in the app. I will share this issue of this app to government grievance cell too so that they also know what Zepto is doing through their app.",False,assortment_gap,none,replenishment,low,['grocery_staples'],none,blinkit,autopilot_narrow,negative
appstore_14255420192_1151,zepto,appstore,1.0,Zepto sells fake product and their helpline sucks . When a complain is made about the fake product they say the complain is valid only if made within 3 days of purchase . How is one suppose to know in advance whether a product is genuine or fake . in about 10 days when a complain was intended  to be registered it did not acknowledge the complain .  The fake product continue to be on their shelf . Not sure if it is intentional in order to squeeze on the profit . The BATA shoe purchase for the child is fake and it is of rexine.,True,returns_support,trust_quality,unknown,unknown,['fashion_apparel'],"when I need to buy branded shoes for my child, I want genuine products, so I can trust the quality and durability.",none,unknown,negative
appstore_14253625037_1159,zepto,appstore,1.0,Don’t use this app it’s both but spoiled food use Blinkit instead of Zepto,False,trust_quality,none,replenishment,unknown,['grocery_staples'],none,blinkit,unknown,negative
appstore_14253484846_1160,zepto,appstore,1.0,Cancelled my order after making me wait at the last minute also if u take full payment with the order why make us wait 5-7 days for refund?,False,returns_support,none,unknown,unknown,[],none,none,unknown,negative
appstore_14253268067_1164,zepto,appstore,1.0,"They not fullfill their commitment for order , if you are hurry not use zepto, I refer to use Flipkart minutes instead of zepto. If you order by zepto the order show 7 min for 1-2 hour and then they your order canceled due to technical reason",False,delivery_ops,none,unknown,unknown,['other'],none,flipkart,unknown,negative
appstore_14253040399_1165,zepto,appstore,1.0,"This is the worst app,first they will send you wrong product and there is no mechanism to get the correct product or refund,you will be moving in a loop of mails with courtesy messages",False,returns_support,none,unknown,unknown,[],none,none,unknown,negative
appstore_14252916482_1166,zepto,appstore,1.0,"Avoid Zepto. This was one of the worst customer support experiences I've had.

I ordered 3 Amul Red Tetra Pack milk cartons, but instead received 6 Amul Moti milk pouches. These are different products with different packaging, and the quantity delivered did not match my order. The product I ordered was also more expensive than what I received.

If the ordered product was unavailable, the correct approach would have been to inform me, seek my approval for a substitute, or issue a refund. Instead, the product was changed without my knowledge or consent.

I immediately contacted support, attaching screenshots of my order showing the Amul Red Tetra Pack and photographs of the Amul Moti milk pouches that were actually delivered. Despite this clear evidence, I received a generic response claiming that the seller had ""thoroughly reviewed"" the order and confirmed that the delivered product matched the order and app description, so no refund or exchange would be provided.

I then pointed out the obvious facts:

Amul Red Tetra Pack and Amul Moti milk pouches are completely different products.
The delivered quantity did not match my order.
I asked how they concluded that the order was fulfilled correctly despite the evidence.
Instead of answering these questions, they simply claimed they had tried calling me twice. I never received any missed call or answered call on my registered number. I even asked them to provide the date, time, and phone number from which they supposedly called, but they ignored that request as well.
I also requested the evidence used during their so-called verification, such as packing verification records or CCTV footage from the packing station, if available. Again, no response—just the same copied-and-pasted template stating that the seller had verified everything and no refund or exchange would be processed.

Since Zepto provides virtually no effective customer support and directs customers to email, I contacted the delivery partner myself. I have an audio recording in which he stated that the seller had intentionally substituted the product and that if the customer complained, they would normally accept a return or process a refund.

I later spoke directly with the seller, and I have that conversation recorded as well. The seller admitted that the originally scanned tetra packs were damaged and were replaced with six milk pouches before dispatch. Even more importantly, the seller confirmed that no one from Zepto had contacted them regarding my complaint before my claim was rejected.

This directly contradicts Zepto's repeated claim that the seller had thoroughly reviewed the order. Either no proper investigation was conducted, or the responses sent to me were simply generic templates without verifying the facts.

I informed Zepto of this new information and even shared the recordings, requesting a proper re-investigation. Their response? The exact same copied message yet again:

""The seller has thoroughly reviewed your order and confirmed that the product was delivered in good condition as per the app description. Unfortunately, the seller is unable to process a refund or exchange.""
I even emailed their main support address with the entire conversation, hoping it might reach a real support team rather than an automated system. I received no response, even after waiting until the next day. The in-app chat simply kept directing me to email support, and there appears to be no customer care phone number available for customers to escalate genuine issues.

I am a regular buyer of Amul Red Tetra milk, and my order history clearly reflects that. I have never ordered Amul Moti milk pouches. It makes no sense for a customer to purchase a more expensive product and then falsely claim they received a cheaper substitute.

The most disappointing part wasn't the delivery mistake—it was Zepto's refusal to investigate despite screenshots, photographs, audio recordings, and even the seller's own admission. Every response was a copy-paste template that ignored the actual facts.

Based on my experience, I cannot recommend ordering from Zepto. If something goes wrong with your order, don't expect a meaningful investigation or accessible customer support.",False,returns_support,none,replenishment,low,['grocery_staples'],none,none,unknown,negative
appstore_14252708646_1167,zepto,appstore,5.0,I personally suggest this app as it is quick in terms of food product or any product to get delivered at your door step . Have been using this app since last 5 months family is happy with zepto service thank you,False,other,none,unknown,unknown,['grocery_staples'],none,none,unknown,positive
appstore_14250570974_1173,zepto,appstore,1.0,"Worst customer service experience with Zepto. They delivered completely melted ice cream, and I reported it with photos immediately after delivery. Instead of taking responsibility, they simply denied my refund, saying the product was in good condition. If this is considered “good condition,” I have no confidence in Zepto’s quality checks or customer support. Very disappointing. Not recommended for frozen items.",False,returns_support,none,replenishment,low,['snacks_beverages'],none,none,unknown,negative
appstore_14248504758_1184,zepto,appstore,1.0,"After my recent experience, I personally avoid ordering bread, paneer, milk products, eggs, or chocolates from instant delivery apps. I received a paneer packet that was already opened, smelled bad, and tasted sour. When I opened it to check the quality and requested a return, I was told that opened food packets cannot be returned.

My question is: How can a customer know whether a food product is spoiled without opening it?

In my experience, I’ve also received products that were close to expiry or had quality issues. Many times, expiry dates are not noticed until the product is opened and checked.

I’m sharing this so others can be careful. Always check the expiry date and the condition of the product before consuming it, and report any issues immediately. I hope these companies improve their quality checks and customer support for food safety.",True,trust_quality,trust_quality,replenishment,high,['grocery_staples'],"when I need essential food items like bread, milk, or paneer, I want to purchase from a trusted source that guarantees quality and freshness, so I can consume safe products and avoid food waste.",offline,autopilot_narrow,negative
appstore_14314299229_2019,bigbasket,appstore,3.0,"App and service is good but prices are very high compare to other online apps like blink it insta mart etc. also many products are not available on time. 
Price on google for products varies from app price it’s more on app.",False,price_value,none,unknown,unknown,['other'],none,"[""blinkit"", ""other""]",unknown,negative
appstore_14312759347_2020,bigbasket,appstore,3.0,Of late the quality of vegetables has become very poor,False,trust_quality,none,replenishment,unknown,['grocery_staples'],none,none,unknown,negative
appstore_14309348182_2024,bigbasket,appstore,1.0,"I ordered some item one item missing everyday I complained but no one help me. Total fraud app please dony buy any item from bigbasket
Please use blinkit and swiggy.",False,returns_support,none,unknown,unknown,['other'],none,blinkit,unknown,negative
appstore_14306262773_2028,bigbasket,appstore,1.0,Team today I have order a product which been expired 8 days back,False,trust_quality,none,replenishment,low,['grocery_staples'],none,none,unknown,negative
appstore_14305657792_2031,bigbasket,appstore,1.0,Not replacement available for size issue,False,returns_support,none,unknown,unknown,['fashion_apparel'],none,none,unknown,negative
appstore_14305163742_2032,bigbasket,appstore,5.0,Good quality with reasonable price and quick delivery.,False,other,none,unknown,unknown,[],none,none,unknown,positive
appstore_14296743320_2049,bigbasket,appstore,1.0,"This is the worst shopping app I’ve ever used. They take your money but don’t deliver the correct products. I strongly recommend placing orders only with Cash on Delivery (COD). The items delivered are often not what you ordered, and their customer support is unhelpful and argues instead of solving the problem. Very disappointing experience.",False,returns_support,none,unknown,unknown,[],none,none,unknown,negative
appstore_14293329482_2053,bigbasket,appstore,3.0,"The App has serious user interface challenges. The search function has been too slow , not yielding appropriate results and does not have even auto-complete suggestions to reduce the typing of user.

In recent days in July 2026, additionally every alternate day the App was saying “ we will be back sooon 

Its totally frustrating… After a loyal customer for BB
For more than a decade I am seriously considering Amazon Fresh and Amazon Now",False,app_ux,none,unknown,unknown,[],none,amazon,autopilot_narrow,negative
appstore_14292806194_2054,bigbasket,appstore,1.0,Returned expired curd to delivery boy he said 48 hrs money will be refunded . No refund called after 48 hrs and cus care said complaint should be done within 48 hrs . No refund of money loss 110 rs . Planed fraud,False,returns_support,none,replenishment,low,['grocery_staples'],none,none,unknown,negative
appstore_14289410066_2061,bigbasket,appstore,1.0,"Fake app
Totally fraud
Cancel every order without any information.",False,returns_support,none,unknown,unknown,[],none,none,unknown,negative
appstore_14289372626_2064,bigbasket,appstore,1.0,"BIG BASKET (OR CHEAT BASKET OR BUG BASKET).
VERY POOR PRODUCT QUALITY AND NO CUSTOMER CARE AT ALL.
Not recommended at all.",False,trust_quality,none,unknown,unknown,['other'],none,none,unknown,negative
appstore_14289360958_2065,bigbasket,appstore,1.0,"Pathetic unit of Tata group . All the trust and customer centricity is put to muddy waters . I have raised a requested for return of the couple product within their Terms and Conditions , but they kept cancelling , not once but 5 times .
In addition the delivery, agents lie they tried to reach me and I didn’t receive their call . 
A total of 5 times they have cancelled , the return pick up .
Why promise something and not deliver? No wonder you guys are struggling to maintain market share .",False,returns_support,none,unknown,unknown,[],none,none,unknown,negative
appstore_14289159311_2067,bigbasket,appstore,5.0,Quality of items very good,False,other,none,unknown,unknown,[],none,none,unknown,positive
appstore_14289043962_2068,bigbasket,appstore,5.0,"Quality and variety of products are very good, I love to buy from BigBasket.",False,other,none,unknown,unknown,[],none,none,unknown,positive
appstore_14286803980_2073,bigbasket,appstore,1.0,"Following the closure of the BB Daily app, users were forced to migrate to the BB Basket app. Since this transition, daily delivery issues have arisen, including failed deliveries and missing items—all occurring without any prior alerts, explanations, or customer support response. Additionally, the system now requires a minimum wallet balance to prevent subscriptions from being paused, even when the actual order value is far below that minimum.",False,delivery_ops,none,replenishment,low,['grocery_staples'],none,none,autopilot_narrow,negative
appstore_14286771315_2074,bigbasket,appstore,1.0,"They are cheaters, selling very old not working electronic items, thought the brand says BB should replace items for first 3 days, they don’t support anything, at the end without any solution they say the resolved the issue and close the chapter.",False,returns_support,none,unknown,unknown,['electronics_accessories'],none,none,unknown,negative
appstore_14285133533_2078,bigbasket,appstore,5.0,Everything I bought from bigbasket is above the mark. I recommend to from bigbasket being a TATA group.,False,other,none,unknown,unknown,[],none,none,unknown,positive
appstore_14284460636_2081,bigbasket,appstore,1.0,"Repeatedly received the wrong products, and customer support simply closes complaints without investigating. There is no ownership or genuine effort to resolve customer issues. Extremely disappointing service. I’ve lost confidence in this app and won’t recommend it until customer support and quality checks improve.",False,returns_support,none,unknown,unknown,[],none,none,unknown,negative
appstore_14282530634_2083,bigbasket,appstore,1.0,They canceled my order without informed to me bad service don’t trust this app,False,returns_support,none,unknown,unknown,[],none,none,unknown,negative
appstore_14282345056_2086,bigbasket,appstore,1.0,Biggest mistake to combine BB daily & Big Basket. Orders placed for 7am for bb daily are being delivered like normal BB orders! Not to mention how confusing the UI is now especially for senior citizens or non tech savvy people. WORST MOVE BY YOU GUYS.,False,app_ux,none,unknown,unknown,[],none,none,unknown,negative
appstore_14281215305_2087,bigbasket,appstore,1.0,"My wife placed an order for Eggs and some biscuits through Big Basket. When we received eggs had worms all around which had spreaded to biscuits as well. After a rigorous process of trying through app, photo not uploading, mailing, app chat and then finally spoke to customer service and when we reported this, they asked us to wait till 11th for the package to be returned. This was unexpected and shocking for us when Big Basket us to wait when they know eggs are perishable and already has worms spreaded all around. Will never use Big Basket and request everyone to not use if you value food quality and customer experience.",False,returns_support,none,replenishment,low,"['grocery_staples', 'snacks_beverages']",none,none,unknown,negative
appstore_14280918799_2088,bigbasket,appstore,5.0,But price is higher compare to other competitor,False,price_value,none,unknown,unknown,[],none,other,unknown,negative
appstore_14280742797_2089,bigbasket,appstore,2.0,"I was having a subscription of Milk on bb daily and after the recent update I’m not able to get the details about the subscription and I’m not able to subscribe to milk. 
This update mentioned the integration of bb daily in to the Big Basket Groceries but not it is totally no working and I am having a hard time finding other app to other milk daily .
Big Basket team please fix the issue addressed in the next update.",False,app_ux,none,replenishment,low,['grocery_staples'],"when I need daily milk delivery, I want a working subscription system, so I can receive milk reliably",none,autopilot_narrow,negative
appstore_14280253693_2092,bigbasket,appstore,5.0,Prompt service .quality of product is good .,False,other,none,unknown,unknown,[],none,none,unknown,positive
appstore_14278408088_2093,bigbasket,appstore,1.0,This app sucks. It's going to bb now by default. I have to search bb daily every time.,False,search_findability,none,unknown,unknown,[],none,bigbasket,unknown,negative
appstore_14277000766_2096,bigbasket,appstore,2.0,"Horrible delivery times, deliver missing and damaged products, and even worse customer service. 

They take forever to process a simple refund. I do not plan on paying 6 rupees less in handling fee to go through this again. Do not recommend it to anyone.",False,delivery_ops,none,unknown,unknown,[],none,none,unknown,negative
appstore_14274763855_2101,bigbasket,appstore,5.0,"Better than Zepto, Instamart, Blinkit, Amazon, But little bit of damn than Flipkart",False,other,none,unknown,unknown,[],none,flipkart,unknown,positive
appstore_14272511452_2111,bigbasket,appstore,2.0,Despite opt for daily delivery not getting daily delivery,False,delivery_ops,none,unknown,unknown,[],none,none,unknown,negative
appstore_14272191994_2113,bigbasket,appstore,5.0,On urgent basis its a good option,False,other,none,urgent_need,low,[],"when urgent need arises, I want a quick shopping option, so I can fulfill the need immediately",none,unknown,positive
appstore_14272166124_2114,bigbasket,appstore,1.0,"You cannot order individual item in bb daily for tomorrow if its out of the stock, you cannot connect to customer care to discuss any other issue with the product !
Stop using app its useless",False,returns_support,none,replenishment,unknown,['grocery_staples'],none,none,unknown,negative
appstore_14272024964_2115,bigbasket,appstore,1.0,I didn’t find subscription option in the app . Earlier I was using the option for getting milk every day. After making a complaint also they don’t know how to resolve it  I sent screen shot and the CS staff write a standard reply  useless service hence am removing the app going with other reputed app for my daily subscription,False,app_ux,none,replenishment,low,['grocery_staples'],"when I need milk daily, I want a subscription option, so I can automate recurring purchases",other,autopilot_narrow,negative
appstore_14271051704_2116,bigbasket,appstore,5.0,Quality products,False,other,none,unknown,unknown,[],none,none,unknown,positive
appstore_14271028697_2117,bigbasket,appstore,1.0,"Pathetic customer support and pathetic app.
Customer support delay response is like they have all the time on earth and robotic reply by copying then pasting the same answers.
App works like snail and even on item's unavailability shows items available due to which during emergency the delivery agent inform the item is currently unavailable. If a person has limited fund and do not receive the items ordered from BB then it's actually a worst situation as money get stuck in BB wallet and person can not even buy the items from anywhere else. Delivery time is more pathetic compared to other service provider and twice I waited for 1 hour but later it was canceled from BB and once I cancelled coz if was enough of waiting and no customer support was available to assist. Another incident of delivery time which is unbelievable that my product was delivered after waiting of 2.5 hours of delivery where in BB claims to deliver the item by 10 minutes.
Again one of the item from my order is not delivered with BB app fault as it was showing item availability but then it was informed that item is unavailable at the time of delivery by the delivery agent and updated the misleading information as item was returned at time of delivery. The pathetic situation is, my money is stuck in BB wallet dut to which I am unable to use my money to order the item from somewhere else.",False,delivery_ops,none,unknown,unknown,[],none,other,unknown,negative
appstore_14270786681_2118,bigbasket,appstore,1.0,"I am filing this complaint against BigBasket regarding the unauthorized deduction and misuse of my deposited amount.
I had added money to my BBDaily account for purchasing products. However, without my knowledge or consent, the amount was deducted in a manner that was not transparent or properly explained. Despite raising the issue, I have not received a satisfactory resolution. BBDaily told me that they have transferred amount to Big basket but Big basket deducted amount. 

This practice amounts to unfair trade practice, deficiency in service, and misuse of customer funds. Customers deposit money with the expectation that it will remain available for their purchases unless they authorize its use. Any unauthorized deduction undermines consumer trust and may violate consumer protection principles.
I request the following:
	1.	Immediate investigation into the unauthorized deduction.
	2.	Full refund of the deducted amount with a detailed transaction statement.
	3.	A written explanation for the deduction.
	4.	Appropriate action to ensure that such incidents do not recur for other customers.
If this issue is not resolved promptly, I will be constrained to pursue legal remedies by filing a complaint before the appropriate consumer dispute redressal authority and any other relevant regulatory authorities.
I request that this matter be treated with urgency and resolved at the earliest.",False,returns_support,none,unknown,unknown,[],none,none,unknown,negative
appstore_14266190470_2133,bigbasket,appstore,5.0,Bug basket is very trustworthy and genuine shopping app … its very transparent,False,other,none,unknown,unknown,[],none,none,unknown,positive
appstore_14264862735_2138,bigbasket,appstore,1.0,The ux of this app is really bad I mean you guys are not even able to fetch my current location? And   Continuously showing errors that we hit a problem? It’s been two days I mean man hire some better developers didn’t expect this from a brand like Tata. And btw there’s also no option to enter the location manually and I can’t even browse products.,False,app_ux,none,unknown,unknown,[],none,none,unknown,negative
appstore_14262551882_2145,bigbasket,appstore,4.0,On time and quality products delivered…,False,other,none,unknown,unknown,[],none,none,unknown,positive
appstore_14260721878_2155,bigbasket,appstore,2.0,"In app there is no way to export my monthly expenses in an excel for budgeting/analysis.
Even on site the list of order is in card based UI which inconvenient if I want to export the monthly order details in an excel. Why not make it simple html table which can be copy pasted some times new features of technology are not helpful but only a way for technical team enjoy the look and feel, with thinking about the usability of the app or site. I hope the Product is mature and take a look at this feedback. Feel free to reach out if need more information about requests or problem statement.",False,app_ux,none,unknown,unknown,[],none,none,unknown,negative
appstore_14260469011_2157,bigbasket,appstore,1.0,Poor App Experience regarding expired products return and refunds.,False,returns_support,none,unknown,unknown,[],none,none,unknown,negative
appstore_14254757422_2171,bigbasket,appstore,1.0,"This is by far the worst grocery shopping app. experience I have had.
Their customer service is extremely slow.and no proper response from customer care .order gets very delayed sometimes not even get delivered the same day no proper intimation or anything.",False,delivery_ops,none,unknown,unknown,['grocery_staples'],none,none,unknown,negative
appstore_14254277802_2172,bigbasket,appstore,1.0,The quality of fruits and vegetables is absolutely pathetic.,False,trust_quality,none,unknown,unknown,['grocery_staples'],none,none,unknown,negative
appstore_14252735241_2178,bigbasket,appstore,1.0,"Broken eggs, expired products, unhelpful site. Consistently bad quality expired products and missing items. How many times will I have to waste my time contacting you guys. I was proud of the fact that you are a Tata product, but shame on you for destroying the Tata legacy. Get your act together. Your prices don’t match your competition. Neither does your product. At least be good on some front.",False,trust_quality,none,replenishment,unknown,['grocery_staples'],none,none,unknown,negative
appstore_14252477266_2184,bigbasket,appstore,1.0,"I had a very disappointing experience with BigBasket. My order was marked as delivered even though I never received it. I contacted customer support multiple times, but instead of resolving my issue, they kept sending the same automated responses. No one contacted me, and no proper action was taken.

As a customer, I expect my concerns to be taken seriously. If an order is not delivered, the least the company can do is investigate the issue and provide a timely refund or arrange a redelivery. Unfortunately, neither happened.

Very poor customer service and a frustrating experience. I have lost trust in BigBasket and will think twice before ordering again.",False,returns_support,none,unknown,unknown,[],none,none,unknown,negative
appstore_14252435412_2185,bigbasket,appstore,1.0,"Ordered bunch of stuff, delivery was missing one of them. So reported the same. To my surprise, the delivery person calls me from his personal number repeatedly the next day complaining that he had his delivery charge deducted. That he would be able to get my number to call and harass me is MASSIVE RED FLAG. That’s the seriousness with which bigbasket treats your privacy. I complained but as usual no proper explanation how this happened.",False,returns_support,none,unknown,unknown,['other'],none,none,unknown,negative
appstore_14248393588_2204,bigbasket,appstore,5.0,"At first, I thought it was fake, but it turned out to be real! I was so happy to receive the ₹200 free cash in my BigBasket wallet. Thank you so much, BigBasket, for this wonderful surprise. I really appreciate it and had a great shopping experience. Thank you for the ₹200 free cash! ❤️",False,other,none,unknown,unknown,[],none,none,unknown,positive
appstore_14243521388_2221,bigbasket,appstore,5.0,BB has been my reliable grocery shopping app. Most of the time I get fresh vegetables & fruits and other household items. Delivery is also very quick. Improvements in consistently delivering fresh produce will be ideal.,False,habit_convenience,none,replenishment,low,"['grocery_staples', 'household_essentials']",none,none,autopilot_narrow,positive
appstore_14240849529_2227,bigbasket,appstore,1.0,They always deliver expired items,False,trust_quality,none,replenishment,unknown,['grocery_staples'],none,none,unknown,negative
appstore_14240414524_2232,bigbasket,appstore,5.0,Services are muted when products are sealed and delivery intacts loyalty for us and royalty for deliverables delivered by manpower,False,other,none,unknown,unknown,[],none,none,unknown,neutral
appstore_14230858178_2251,bigbasket,appstore,5.0,"I have been using the bigbasket few years now and their product range, quality, delivery and issue resolution is absolutely fantastic. Extremely happy.",False,other,none,unknown,unknown,[],none,none,unknown,positive
appstore_14227516492_2258,bigbasket,appstore,4.0,"Delivery timing is very good; but no NEED for such a hurry like within 10/15 minutes. It would be ok, if things ordered are delivered with in hour normally, unless one wants urgent delivery!
What should be priority is Quality of material/ provisions esp Fruits and vegetables, when things are returned, it should be acknowledged and refund must be made promptly.

Further, in the absence of a bill/ invoice for goods delivered.  when some items which are ordered and PAID for, is NOT Delivered, a message/ mail should be sent of such items and the amount refundable. Refunds within Rs100/- could be credited to BB wallet more than to be remitted to bank from which it was paid.",False,returns_support,none,replenishment,unknown,['grocery_staples'],none,none,unknown,neutral
appstore_14223981421_2263,bigbasket,appstore,1.0,I have orders items by 10:15 am today and paid amount in advance. It was saying that i will receive by 2:00 pm by 3:15 was waiting for it. But it was showing by 2:00 pm that my items are packed about to deliver?? Please dont install this app it will spoil your and your guest mood.,False,delivery_ops,none,unknown,unknown,['other'],none,none,unknown,negative
appstore_14222990163_2268,bigbasket,appstore,1.0,"After adding the required products to the cart and parking the order, if one of the products later becomes out of stock, any coupon discount applied to the order is still proportionally distributed across all products, including the unavailable item. When the out-of-stock product is removed, the refund provided only covers the remaining amount after deducting the product price and its share of the coupon discount, even when the remaining order value is still eligible for the coupon.

When this issue is raised with customer support through chat or phone, the response is often unsatisfactory. Instead of properly addressing the concern, customers are expected to accept the explanation provided without meaningful clarification. If customers question the response or point out inconsistencies, the support representatives can become rude and unprofessional.

Furthermore, requests to speak with a supervisor are repeatedly denied. Customers are informed that the escalation team will contact them later, but no clear timeline is provided, leaving the issue unresolved for an indefinite period.

Such practices negatively impact customer trust and satisfaction. Unless these issues in refund calculations, escalation handling, and customer service behavior are addressed, the app may struggle to retain customers and achieve long-term growth. Customer-centric service is essential for the success of any platform, and ignoring genuine concerns can ultimately lead to its decline.",False,returns_support,none,unknown,unknown,[],none,none,unknown,negative
appstore_14215780689_2285,bigbasket,appstore,5.0,"BigBasket is a very useful grocery shopping app. The app is easy to use, products are available in a wide variety, and delivery is usually on time. The quality of fruits, vegetables, and other groceries is good. It saves time and makes shopping convenient. Highly recommended!”",False,other,none,unknown,unknown,['grocery_staples'],none,none,unknown,positive
appstore_14213528257_2286,bigbasket,appstore,1.0,"Poor delivery partner , cancelled my order without knowing me. Very poor service. Not recommended",False,delivery_ops,none,unknown,unknown,[],none,none,unknown,negative
appstore_14209300857_2296,bigbasket,appstore,5.0,Maintaining good quality as always,False,other,none,unknown,unknown,[],none,none,unknown,positive
appstore_14208043817_2301,bigbasket,appstore,1.0,I have purchased a Duracell charging cable with two years of warranty. Now when I want to claim warranty that product company ask for invoice. Now when I checked big basket application for invoice no where able to see or download invoices after. Even product I bought is 8 months ago.,False,returns_support,none,replenishment,unknown,['electronics_accessories'],none,none,unknown,negative
appstore_14205732942_2306,bigbasket,appstore,1.0,"Their local suppliers regularly goof up wrt ordered items, orders get cancelled by indicating that customer was not available. They need to fix the backend and stop blaming the customers. Please check your suppliers. Pathetic experience.",False,delivery_ops,none,unknown,unknown,[],none,none,unknown,negative
appstore_14204882432_2308,bigbasket,appstore,1.0,"Ordered groceries today. Delivery executive handed me an OPEN and DAMAGED product. When I pointed it out immediately, he ran away in the lift. 

Called him back - he refused to take it and said ""file return request, someone else will come"". I asked him to take it now, he said ""not possible"" and left. 

Tried raising complaint in app - shows ""No Return Policy"" for damaged items. No human customer care number, no chat support. Just useless bot replies. 

You take money instantly but for damaged goods you have ""No Return Policy""? This is cheating customers. 

Lost my money and trust. Will spread the word to never use BigBasket.",False,returns_support,none,replenishment,low,['grocery_staples'],none,none,unknown,negative
appstore_14204235390_2312,bigbasket,appstore,1.0,"This BB is a big scam and I am the victim. They don’t deliver sealed items to you and when you complain on their app and customer service, they will all reply in same tone and will put the customer at fault. I have purchased through so many apps Blinkit Zepto Amazon etc but this Big basket is the worst app and more worst is their customer support. They just want to do away with their dead stock and don’t care about customer.",False,returns_support,none,unknown,unknown,[],none,blinkit,unknown,negative
appstore_14202361429_2315,bigbasket,appstore,1.0,Recommend to go for Blinkit or Zepto for instant delivery,False,delivery_ops,none,unknown,unknown,[],none,blinkit,unknown,negative
appstore_14197498054_2328,bigbasket,appstore,1.0,Worst quality items delivered  multiple times,False,trust_quality,none,unknown,unknown,[],none,none,unknown,negative
appstore_14196107012_2332,bigbasket,appstore,1.0,"I received expired dog food from BigBasket, which is completely unacceptable. Pet owners trust that the products delivered are safe for their animals. What if I had not checked the expiry date and had already fed it to my dog? If my dog became sick because of consuming expired food, who would be responsible for the consequences?
What makes the situation even more frustrating is that after delivering an expired product, BigBasket assigned a separate pickup time slot for collecting it. Customers have jobs, office commitments, and personal responsibilities. Why should we have to stay home and adjust our schedules because of a mistake made by the company?
Selling expired pet food is a serious issue, not just an inconvenience. It raises concerns about quality control and customer safety. BigBasket needs to ensure stricter checks before dispatching products and provide a more convenient resolution process when such errors occur.
Very disappointed with the service and the lack of accountability shown in handling this issue.",False,trust_quality,none,replenishment,unknown,['pet_care'],none,none,unknown,negative
appstore_14192381637_2341,bigbasket,appstore,4.0,"Very good service and quality , exceptional",False,other,none,unknown,unknown,[],none,none,unknown,positive
appstore_14191951740_2342,bigbasket,appstore,5.0,Very efficient service with variety of quality products.,False,other,none,unknown,unknown,[],none,none,unknown,positive
appstore_14188643620_2345,bigbasket,appstore,1.0,Poor quality ( perishable) items,False,trust_quality,none,unknown,unknown,['grocery_staples'],none,none,unknown,negative
appstore_14188109741_2347,bigbasket,appstore,5.0,"I always get very clean and well maintain hygiene products from bigbasket & delivery charges are also less, thank you so much bigbasket 🙏🏻",False,trust_quality,none,replenishment,low,['personal_care'],"when I need hygiene products, I want clean and well-maintained options, so I can trust product quality",none,autopilot_narrow,positive
appstore_14184648171_2351,bigbasket,appstore,5.0,Easy to purchase Groceries and Daily need products from bigbasket,False,other,none,replenishment,low,"['grocery_staples', 'household_essentials']",none,none,autopilot_narrow,positive
appstore_14182597621_2355,bigbasket,appstore,1.0,Expiry products delivered,False,trust_quality,none,unknown,unknown,['grocery_staples'],none,none,unknown,negative
appstore_14182080392_2356,bigbasket,appstore,3.0,Daily milk supply good but sometimes it will be delayed and without delivery simply message comes as delivered..,False,delivery_ops,none,replenishment,low,['grocery_staples'],none,none,autopilot_narrow,negative
appstore_14181500714_2359,bigbasket,appstore,5.0,"TATA trust with seamless service , on time delivery genuine products !",False,other,none,unknown,unknown,[],none,none,unknown,positive
appstore_14180022978_2365,bigbasket,appstore,5.0,"I m highly satisfied with quality of products ,fast service and behaviour of delivery persons. I would like to request you to please include more variety of organic products like vegetables, fruits and groceries.
Thanks",False,assortment_gap,none,unknown,unknown,['grocery_staples'],none,none,unknown,positive
appstore_14178278976_2367,bigbasket,appstore,5.0,Nice online delivery within minutes price also ok I like product quality but idli batter manufacturers packaging  am not accepting because 2 to 3 days ok but 9 days batter preservation it’s too much,False,trust_quality,none,replenishment,medium,['grocery_staples'],none,none,unknown,negative
appstore_14177289151_2370,bigbasket,appstore,1.0,"The product said that it is returnable but they didn’t return it 
And also we were not getting help or assistance",False,returns_support,none,unknown,unknown,[],none,none,unknown,negative
appstore_14176333158_2371,bigbasket,appstore,1.0,"BB Daily was really good till the time of the merger with big basket and integration of the app. Since last 2 weeks there has been numerous instances of milk not delivered citing operational reasons. This never happened when it was only BB daily. 
Hope the company sorts this before they loose more customers. Coz customers like me have already stopped taking daily milk supplies from them.",False,delivery_ops,none,replenishment,low,['grocery_staples'],none,none,autopilot_narrow,negative
appstore_14175793301_2375,bigbasket,appstore,2.0,It has been frequent issue that the order confirmed for morning delivery of daily essentials regretted for nonavailability after midnight then one need to rush to market while getting late for office. Can‘t trust it for delivery of the order placed.,False,delivery_ops,none,replenishment,low,['grocery_staples'],"when morning delivery slot is confirmed for daily essentials, I want reliable fulfillment, so I can avoid rushing to the market and being late for office",offline,autopilot_narrow,negative
appstore_14175052574_2376,bigbasket,appstore,1.0,Redeem now gift card link just work. It just takes you to a something went wrong screen.,False,app_ux,none,unknown,unknown,[],none,none,unknown,negative
appstore_14174739315_2377,bigbasket,appstore,1.0,"Two days before I ordered bigbasket missing items no response, customer care very poor quality",False,returns_support,none,unknown,unknown,[],none,none,unknown,negative
appstore_14172761585_2381,bigbasket,appstore,1.0,"Worst ever experience from Tata enterprise, they merge bb daily app  with big basket without proper planning and I have to suffer. Bbdaily application is not working at all.",False,app_ux,none,unknown,unknown,[],none,none,unknown,negative
appstore_14172510151_2382,bigbasket,appstore,1.0,Unneccessary delivery delays for which they cite shortage  what is ordered today is delivered next day. Won’t recommend this incompetent app,False,delivery_ops,none,unknown,unknown,[],none,none,unknown,negative
appstore_14167224243_2390,bigbasket,appstore,1.0,"BB Daily application is merged with Bigbasket is worst thing, not able to find many user friendly functions. I’ll use till my wallet balance will get Zero Balance after that I’ll uninstall BigBasket Application.",False,app_ux,none,unknown,unknown,[],none,none,unknown,negative
appstore_14165967805_2394,bigbasket,appstore,1.0,"They regularly cancel products when i order using offer code. This happens many times. Why they takes orders I don’t know, Swiggy instamart and blinkit is far better than this.",False,delivery_ops,none,promotion,unknown,['other'],none,blinkit,unknown,negative
appstore_14162727930_2396,bigbasket,appstore,1.0,"Pathetic service,no persons to deliver ,30 minutes became 65 minutes but still nonpersons assigned and they cancelled for no reason 
The products were very urgent but no commitment of delivery.",False,delivery_ops,none,urgent_need,unknown,[],none,none,unknown,negative
appstore_14160811788_2399,bigbasket,appstore,5.0,Excellent quality product and supersonic speed delivery and the service attitude of the delivery personnel is commendable. Keep up the good work.,False,other,none,unknown,unknown,[],none,none,unknown,positive
youtube_YgRe-ifnbSM_0,blinkit,youtube,,If I make a blinkit haul then done i order everyday twice,False,habit_convenience,none,unknown,unknown,['grocery_staples'],"when I do a bulk haul purchase, I want to order everyday twice, so I can keep stock replenished",none,autopilot_narrow,neutral
youtube_krp9Ivtj3Dk_17,blinkit,youtube,,Blinkit pr 12 din se expired soya stick aye,False,trust_quality,none,unknown,unknown,['snacks_beverages'],none,none,unknown,negative
youtube_N6lRJdaVA0w_32,blinkit,youtube,,Literally from past 3 years I am watching your video whenever I watch I literally feel relief because it's full of enjoying knowledge and fun 😊 keep it up Shivesh love uh buddy 🥰🫂❤️🧿,False,other,none,unknown,unknown,[],none,none,unknown,positive
youtube_N6lRJdaVA0w_38,blinkit,youtube,,I love watching your videos ! Im not a foodie at all infact i am a very picky eater so food content is not really my thing but your videos are just so entertaining i have to watch them. I have tried some of your desert recipes and i absolutely love them❤❤ you make such good and entertaining content. The video where u tried hostel food / hacks was one of my favs as i too am in hostel😂 amazing video❤❤,False,other,none,unknown,unknown,[],none,none,unknown,positive
youtube_N6lRJdaVA0w_40,blinkit,youtube,,"Not gonna lie, this felt like the ultimate snack-hunting adventure!!😂❤ The variety was insane...from popping boba and focaccia crisps to matcha latte and kunafa croissant. I loved how every snack got a fair chance, whether it turned out to be a hidden gem or a complete disappointment!!😭🔥
Also, the reactions are what make these tasting videos so entertaining...the expressions say it all even before the rating is announced!!😅 Looking forward to Part 2 because Blinkit definitely has more viral snacks waiting to be reviewed!!😙🫂",False,other,none,unknown,unknown,['snacks_beverages'],none,none,unknown,positive
youtube_N6lRJdaVA0w_58,blinkit,youtube,,Plz review uncle john's oce creams. Unique flavours and i love the lemon pie. Do try it,False,other,none,unknown,unknown,['snacks_beverages'],none,none,unknown,positive
youtube_BPUqb0pItRk_102,blinkit,youtube,,Diksha is back with her OG fashion style🔥 the curls are so pretyyy from one curly girl to another❤❤😂,False,other,none,unknown,unknown,[],none,none,unknown,positive
youtube_BPUqb0pItRk_121,blinkit,youtube,,Sanjay saying i m not a fan of oreo?? Ironic 😭in the life hacks challenges he is the one who always use oreo to make something,False,other,none,unknown,unknown,['snacks_beverages'],none,none,unknown,neutral
youtube_BPUqb0pItRk_130,blinkit,youtube,,Hi guys a serious suggestion my daughter loves to see your videos and you guys really deserve more ..why don't you guys make shorts or reels more it will be engaging and in today's time shorts captures more subscribers,False,other,none,unknown,unknown,[],none,none,unknown,neutral
youtube_dfTRBOULoUA_141,blinkit,youtube,,I was waiting for churros review but it never happened🥲,False,other,none,unknown,unknown,['snacks_beverages'],none,none,unknown,neutral
youtube_dfTRBOULoUA_146,blinkit,youtube,,"I genuinely had so much fun watching this! Every time I thought the next product couldn't get any weirder, Blinkit somehow proved me wrong. The reactions, random discussions, and the constant change between this is actually good and what even is this? had me hooked throughout!!🥹🤍
You and Ashi have such a fun dynamic that even the most disappointing products ended up being entertaining because of your reactions!😂 I honestly wasn't expecting some of the products to be that disappointing, while a few turned out to be surprisingly good. This was such a refreshing watch...can't wait to see what you both try next!!🤎🫰🏻",False,other,none,unknown,unknown,[],none,none,unknown,positive
youtube_dfTRBOULoUA_148,blinkit,youtube,,One of the most entertaining review videos I stumbled upon,False,other,none,unknown,unknown,[],none,none,unknown,positive
youtube_dfTRBOULoUA_149,blinkit,youtube,,"guys, you need to try brb potato popped chips - the red packet 
and nuts from Trader's Choice - been using these for all my baking needs and the quality is spot-on",False,other,none,unknown,unknown,['snacks_beverages'],none,none,unknown,positive
youtube_dfTRBOULoUA_157,blinkit,youtube,,U should try original jackfruit chips from Goa u would love it,False,other,none,recommendation,unknown,['snacks_beverages'],none,none,unknown,positive
youtube_dfTRBOULoUA_171,blinkit,youtube,,"Jackfruit chips has always been there! Well, maybe not in delhi up north so nothing new
Maybe it was ripe but it is a fruit so it ll have a sweet taste unless fried raw
U should try authentic jackfruit chips",False,other,none,unknown,unknown,['snacks_beverages'],none,none,unknown,neutral
youtube_dfTRBOULoUA_172,blinkit,youtube,,Surprising that she agreed n came back for these gut experiments! 😂,False,other,none,unknown,unknown,[],none,none,unknown,positive
youtube_FfMjojkoKic_186,blinkit,youtube,,Never order pricey skincare products from them,False,price_value,none,unknown,unknown,['beauty_skincare'],none,none,unknown,negative
youtube_FfMjojkoKic_189,blinkit,youtube,,"I have experienced that they are selling expired items by changing dates 
When i see package condition which are so terrible and manufacturing date that says in recent month 
This doesn’t make sense",False,trust_quality,none,unknown,unknown,['grocery_staples'],none,none,unknown,negative
youtube_FfMjojkoKic_190,blinkit,youtube,,Pata h yaar... Aj imordered a few items... jab order kiya tabb sab available dikha raha tha fir wo dekivery wala aya... toh mene ek item diya tha wo wo nahi layathami asked him toh jo products aye h unka hi billing kardo sirf toh usne mujhe bola ki possible nahi hai usko utne  hi paise submit karne padege... i was like wtf magar kyuuu... areh bhai available dikhaya hi kyuu jab dena hi nahi ..plus no refund.. usne bola jab stock me ayega tab me apko laake dunga.. actually kal mothers day h toh i ordered a rose.. wo wala rose blinkit walee khud hi suggestion me dikha rahe te mothers day bolker.. fir laaye hi nahi,False,delivery_ops,none,occasion,low,['other'],none,none,unknown,negative
youtube_FfMjojkoKic_201,blinkit,youtube,,Newer trust online shopping 🛍,False,trust_quality,none,unknown,unknown,[],none,offline,unknown,negative
youtube_FfMjojkoKic_204,blinkit,youtube,,My hubby ordered collosal kajal pencil but they send another brand kajal pencil taped on a collosal packaged paper...😅😅😅 now it is of no use bcz that kajal is not suitable for my eye,False,trust_quality,none,replenishment,medium,['beauty_skincare'],none,none,unknown,negative
youtube_FfMjojkoKic_205,blinkit,youtube,,"I too had a similar problem. Yesterday I had ordered shampoo + conditioner, it was expired. Then I returned it and ordered the same again. The next day the same expired product was returned to me.",False,trust_quality,none,replenishment,low,['personal_care'],none,none,unknown,negative
youtube_FfMjojkoKic_208,blinkit,youtube,,Mene derma ki sunscreen order ki thi blinkit se Lekin jo meri phly wali sunscreen thi wo mene derma ki website se mangayi thi dono bilkul alag h texture me isliye mene youtube pr search Kiya to apko video mili same logo ko isse kuch nhi mngana cahiye fraud kr rhe h,True,trust_quality,trust_quality,browsing_discovery,high,['beauty_skincare'],"when I need sunscreen, I want authentic derma products, so I can trust the quality and texture",other,unknown,negative
youtube_FfMjojkoKic_213,blinkit,youtube,,local shop aa saman lo sab online sa jada best rheata ha of line samn lo sabsa best haa,False,price_value,none,unknown,unknown,['grocery_staples'],none,offline,unknown,negative
youtube_FfMjojkoKic_215,blinkit,youtube,,Mujhe blinkit pr forever 52 ka fake foundation receive hua 😭,False,trust_quality,none,unknown,unknown,['beauty_skincare'],none,none,unknown,negative
youtube_FfMjojkoKic_218,blinkit,youtube,,I was thinking of buying CeraVe product from blinkit since i was excited to get it quickly from blinkit but are u saying they can sell fake beauty products? Should I buy CeraVe cream from blinkit or not? Please reply fast today.,True,trust_quality,trust_quality,browsing_discovery,high,['beauty_skincare'],"when I need a beauty product quickly, I want assurance of authenticity, so I can confidently purchase from quick-commerce.",nykaa,unknown,negative
youtube_FfMjojkoKic_219,blinkit,youtube,,"Yesterday I ordered things worth Rs. 3000 in which there was a bouquet of dried flowers worth Rs. 379 (today being the rose day they are selling the same bouquet for Rs.350). And when I opened the sealed box of bouquet, I was shocked to see it empty. I raised the complaint against it but they said they have sent it and they have a video proof of it. I said they have sent an empty sealed box, but they replied that they have seen packaging video. I said show me the video too but then they said the video is only to be watched by blinkit employees not the customers and they refused to refund or send me a new bouquet. My biggest mistake was that I opened the box without making any unboxing video. It was absolutely weightless and I thought being dried flowers perhaps the bouquet is weightless. I had ordered the same one a couple of days back too (for one of my friends birthday) and that was also weightless but it was having the bouquet.",False,returns_support,none,occasion,low,['home_kitchen'],none,none,unknown,negative
youtube_0Z6r8KjqB2s_222,blinkit,youtube,,Products k expiry date kaise check kare?,False,other,none,unknown,unknown,['grocery_staples'],none,none,unknown,neutral
youtube_o9SE6oGdZfo_225,blinkit,youtube,,i hv ordered nuts..the box for seal opened also the nusts smell like rotten. they collected from me..n no refund or replacement,False,returns_support,none,unknown,unknown,['snacks_beverages'],none,none,unknown,negative
youtube_g8twky__5S0_262,blinkit,youtube,,details video,False,other,none,unknown,unknown,[],none,none,unknown,neutral
youtube_g8twky__5S0_265,blinkit,youtube,,"Flipkart grocery pe kurkure, biskut, maggi bechne pe kitna charge lagta he",False,price_value,none,unknown,unknown,['snacks_beverages'],none,flipkart,unknown,neutral
youtube_g8twky__5S0_275,blinkit,youtube,,How much for clothes,False,other,none,unknown,unknown,['fashion_apparel'],none,none,unknown,neutral
youtube_4PXyUy4nwuA_286,blinkit,youtube,,"I met a delivery guy on Swiggy. 
It showed it was his birthday. I wished him. Tip him from Swiggy n We had tea n samosa together. He was nice guy... Now whenever he passes by he gives big smile n It's feels great",False,other,none,unknown,unknown,[],none,none,unknown,positive
youtube_4PXyUy4nwuA_288,blinkit,youtube,,I think 🤔 the delivery boy set his birthday date at randomly,False,other,none,unknown,unknown,[],none,none,unknown,neutral
youtube_4PXyUy4nwuA_289,blinkit,youtube,,Bhai ye delivery boy ki galti he usne galat birthday date dala he app pe😂,False,other,none,unknown,unknown,[],none,none,unknown,neutral
youtube_4PXyUy4nwuA_290,blinkit,youtube,,"This happened with me too and after I wished him a happy birthday , he said ""huh kiska birthday?""",False,other,none,unknown,unknown,[],none,none,unknown,neutral
youtube_4PXyUy4nwuA_294,blinkit,youtube,,"He is telling a true because when I ordered ice cream, it was like powder and it was expired. My sister complained about it and we were so angry that didn’t give us another ice cream.😢",False,trust_quality,none,unknown,unknown,['snacks_beverages'],none,none,unknown,negative
youtube_4PXyUy4nwuA_302,blinkit,youtube,,Maybe the delivery boy has entered birthday  randomly and think it was for formality but it was for blinkit feature,False,other,none,unknown,unknown,[],none,none,unknown,neutral
youtube_4PXyUy4nwuA_304,blinkit,youtube,,Birthday blinkit ka tha 💀☠️,False,other,none,unknown,unknown,[],none,none,unknown,neutral
youtube_4PXyUy4nwuA_311,blinkit,youtube,,"Education is important 😂
Bhai vo tip amount ke neeche uska birthday dikha raha tha or tip ka 100% rider ko hi jata he founder ko nhi.",False,other,none,unknown,unknown,[],none,none,unknown,neutral
youtube_4PXyUy4nwuA_312,blinkit,youtube,,"Delivery boy might have put the wrong dates while registering on the platform 😂😂 and its platform showing his birthday by default.  
But your argument is right.",False,other,none,unknown,unknown,[],none,none,unknown,neutral
youtube_4PXyUy4nwuA_316,blinkit,youtube,,today is my birthday but 0 likes 😥,False,other,none,unknown,unknown,[],none,none,unknown,neutral
youtube_4PXyUy4nwuA_318,blinkit,youtube,,"Delivery partner ka birthday na hi ki delivery boy ka
Delivery partner or delivery boy alag alag hai 😂😂😂😂",False,other,none,unknown,unknown,[],none,none,unknown,neutral
youtube_4PXyUy4nwuA_323,blinkit,youtube,,Same thing happened with me in zomato I asked the guy whether it's his birthday or not ? He told me it might be your birthday 😭 but he told me it's his birth month so probably because of this reason they use it as a trick.,False,other,none,unknown,unknown,[],none,other,unknown,negative
youtube_4PXyUy4nwuA_327,blinkit,youtube,,Bhai ye bhi ho Sakta hai ki delivery boy ka birthday day me subah kisi se jagda hua hoga,False,other,none,unknown,unknown,[],none,none,unknown,neutral
youtube_4PXyUy4nwuA_335,blinkit,youtube,,Nhi wo document pe dusra hoyega or ushka Real birthday alg that's why ye confusion huaa,False,other,none,unknown,unknown,[],none,none,unknown,neutral
youtube_4PXyUy4nwuA_345,blinkit,youtube,,Same at those time my uncle used to have a kirana shop he open that literally 5:30 sharp in summer and 6:30 in winter he literally never miss it on holiday also he used to go to shop no diwali chuti no Holi chuti just goated I used to visit his shop he literally give me everything free and say to me that don't tell your parents that I am not letting you give me that money just missing those days now his son became software engineer in Microsoft and he is retired now,False,other,none,unknown,unknown,[],none,none,unknown,neutral
youtube_r8iz0hL0f3w_347,blinkit,youtube,,Make videos how to find or analyze competitors keywords for ads in amazon..,False,other,none,unknown,unknown,[],none,amazon,unknown,neutral
youtube_r8iz0hL0f3w_358,blinkit,youtube,,"Rishi sir, full details me blinkit pe video bna do",False,other,none,unknown,unknown,[],none,none,unknown,neutral
youtube_V9MzdJPQ5Lc_371,zepto,youtube,,Oh my god.. the prices are also not bad as per the clothes,False,other,none,unknown,unknown,['fashion_apparel'],none,none,unknown,positive
youtube_V9MzdJPQ5Lc_381,zepto,youtube,,The 3rd dress..😍😍 zepto is on another level like wasn't knowing that they have clothes available too wowww🫡😍,True,discovery_awareness,awareness,browsing_discovery,low,['fashion_apparel'],none,none,unknown,positive
youtube_V9MzdJPQ5Lc_392,zepto,youtube,,I want to try this ❤,False,other,none,unknown,unknown,[],none,none,unknown,positive
youtube_V9MzdJPQ5Lc_393,zepto,youtube,,Want a big clothing haul of zepto pls❤,False,other,none,unknown,unknown,['fashion_apparel'],none,none,unknown,positive
youtube_V9MzdJPQ5Lc_396,zepto,youtube,,Di please share your workout routine and what you eat daily..please,False,other,none,unknown,unknown,[],none,none,unknown,neutral
youtube_V9MzdJPQ5Lc_411,zepto,youtube,,I ordered 1 dress from zepto to gift my friend and actually it was pretty good..she liked it alot..what else do we need 😁,False,other,none,occasion,low,['fashion_apparel'],none,none,unknown,positive
youtube_V9MzdJPQ5Lc_416,zepto,youtube,,Mere sath hamesha esa hi hota h mere husband har trip on the spot krte h or mere pas kapde lene ka time hi nhi hota😢,False,other,none,unknown,unknown,['fashion_apparel'],none,none,unknown,negative
youtube_V9MzdJPQ5Lc_418,zepto,youtube,,Clothes se zayada bag acha laga bcz i am crafter and osme mujhe bohot sare stickers nazar aye 😅,True,discovery_awareness,awareness,browsing_discovery,low,"['fashion_apparel', 'stationery_printouts']","when browsing Zepto for clothes, I want to discover craft supplies like stickers, so I can find materials for my creative projects.",none,explorer_broad,positive
youtube_V9MzdJPQ5Lc_419,zepto,youtube,,Seen this dress in  meesho,False,other,none,unknown,unknown,['fashion_apparel'],none,meesho,unknown,neutral
youtube_6r6L56L2zi8_456,zepto,youtube,,Didn't know that clothes existed in zepto😅😅,True,discovery_awareness,awareness,browsing_discovery,unknown,['fashion_apparel'],none,none,unknown,positive
youtube_6r6L56L2zi8_465,zepto,youtube,,It's a good idea I will also try ordering clothes from zepto 😅✨,True,discovery_awareness,awareness,browsing_discovery,low,['fashion_apparel'],"when I discover that Zepto sells clothes, I want to try ordering them, so I can expand my use of the platform.",none,unknown,positive
youtube_znCQooq95As_480,zepto,youtube,,Bhai challenge hai only mummy se suggestion Lekar Khao❤❤❤🎉,False,other,none,unknown,unknown,['snacks_beverages'],none,none,unknown,positive
youtube_znCQooq95As_492,zepto,youtube,,Bhai jiomart or flipkart  minutes se lo kam prices mein milenge,False,price_value,none,unknown,unknown,[],none,flipkart,unknown,negative
youtube_znCQooq95As_509,zepto,youtube,,Abe same saman manga phir kar comparison,False,other,none,unknown,unknown,[],none,none,unknown,neutral
youtube_TAH39-8IkyU_520,zepto,youtube,,My new ID mein weekly incentive nahin mil raha hai iske liye kya karna padega 🙏,False,other,none,unknown,unknown,[],none,none,unknown,negative
youtube_TAH39-8IkyU_521,zepto,youtube,,Bhai mujhe yah Janna hai main abhi zepto delivery application Mein kam karta hun aur mera weekly payment a chuka hai lekin jab main check kar raha hun To Mere account mein nahin aaya hai aur jab Maine ticket tress kara to vah kah Rahe Hain Ki humne aapka amount aapke vendor ko credit kar diya gaya hai ab ham Kaise pata Karen ki hamara vendor kaun hai aap mujhe iske bare mein jarur comment mein bataen,False,other,none,unknown,unknown,[],none,none,unknown,negative
youtube_xg9hyBWbSL8_530,zepto,youtube,,Next comparison of techno ruhez vs gyan therapy 😅😅😂😅😂😅😂❤❤❤❤❤,False,other,none,unknown,unknown,[],none,none,unknown,neutral
youtube_xg9hyBWbSL8_532,zepto,youtube,,Next comparison Zomato vs Swiggy😂😂😂,False,other,none,unknown,unknown,[],none,none,unknown,neutral
youtube_xg9hyBWbSL8_537,zepto,youtube,,Next comparison Tata Curvv ev vs Mahindra BE6 😊,False,other,none,unknown,unknown,[],none,none,unknown,neutral
youtube_xg9hyBWbSL8_538,zepto,youtube,,Meesho vs flipkart vs amazon,False,other,none,unknown,unknown,[],none,other,unknown,neutral
youtube_xg9hyBWbSL8_548,zepto,youtube,,Agla comparison xiaomi pad 7 aur moto tab 60 pro,False,other,none,unknown,unknown,['electronics_accessories'],none,none,unknown,neutral
youtube_xg9hyBWbSL8_555,zepto,youtube,,Moto 60 fu vs moto 60 sty. Comparison,False,other,none,unknown,unknown,['electronics_accessories'],none,none,unknown,neutral
youtube_xg9hyBWbSL8_557,zepto,youtube,,bbhai blinkit pe portronics twsss only 349 ka hai amazon pe 600 ka,False,price_value,none,unknown,unknown,['electronics_accessories'],none,blinkit,unknown,neutral
youtube_xg9hyBWbSL8_558,zepto,youtube,,Messho vs myntra,False,other,none,unknown,unknown,['fashion_apparel'],none,myntra,unknown,neutral
youtube_xg9hyBWbSL8_559,zepto,youtube,,Flipkart vs Amazon 😅,False,other,none,unknown,unknown,[],none,none,unknown,neutral
youtube_xg9hyBWbSL8_562,zepto,youtube,,"Please suggest me 
Should I purchase Realme P3 or Oppo K13 ?",False,other,none,unknown,high,['electronics_accessories'],none,none,unknown,neutral
youtube_xg9hyBWbSL8_568,zepto,youtube,,Flipkart vs Amazon,False,other,none,unknown,unknown,[],none,none,unknown,neutral
youtube_xg9hyBWbSL8_570,zepto,youtube,,Flipkart minutes vs Blinkit,False,other,none,unknown,unknown,[],none,flipkart,unknown,neutral
youtube_xg9hyBWbSL8_576,zepto,youtube,,Snapdeal vs Flipkart same product,False,other,none,unknown,unknown,[],none,other,unknown,neutral
youtube_EQxrcpdgTk8_597,zepto,youtube,,50000 karnek liye 30 din kaaam karna hai aur ismey hi petrol nikalna hai 50 to 60 0rders 16 se 18 ghante tak aur khana pina bhi ise meh se nikal na hai last mein kitna bachega petrol daily    350 to 400 rs tak hoga daily 2 times hotel food  200 to 300rs  tak hoga aur itna kaam karne se hamara bike service charge aur kuch bukaarh some medical issues iske liye kya hota hai bhai ismey esi nhi aur pf nahi soch samaj ke join hona ye pura advertisement aur video Blog ke liye hora hai,False,other,none,unknown,unknown,[],none,none,unknown,negative
youtube_EQxrcpdgTk8_628,zepto,youtube,,20 order marne pe daily incentive kitna milta hai,False,other,none,unknown,unknown,[],none,none,unknown,neutral
youtube_EQxrcpdgTk8_636,zepto,youtube,,Maine jab ID banaya to bank ki details nahi li mujhse to mere paise account me kaise ayenge sirf Aadhaar aur Pan card liya,False,other,none,unknown,unknown,[],none,none,unknown,negative
youtube_T8phVkzzi2k_668,zepto,youtube,,Can you please try chocolate croissant from Third Wave Coffee and give its review???!! Pleaseeeeee,False,other,none,unknown,unknown,['snacks_beverages'],none,none,unknown,neutral
youtube_BAY_mihj7ks_701,bigbasket,youtube,,Bhai tumhara app main tumhen hot wheels ka Kar dekh Raha tha Big basket mein vah aap delivery charge bhi lete hain upar Se toys bhi nahin aapka itna variety rahti kahan ho,False,assortment_gap,none,search_intent,unknown,['electronics_accessories'],none,other,unknown,negative
youtube_BAY_mihj7ks_702,bigbasket,youtube,,Maine order Kiya tha milk and peanut butter dono expiry mile. I will never order again from big basket,False,trust_quality,none,replenishment,low,['grocery_staples'],none,none,unknown,negative
youtube_dyHJ8x3ch3I_716,bigbasket,youtube,,Amazon now 10min delivery with offer,False,other,none,unknown,unknown,[],none,amazon,unknown,negative
youtube_VAm2qX_dYPA_733,bigbasket,youtube,,I was waiting for this bigbasket delivery app review,False,other,none,unknown,unknown,[],none,none,unknown,neutral
youtube_VAm2qX_dYPA_737,bigbasket,youtube,,Amazon now ki video bnao,False,other,none,unknown,unknown,[],none,none,unknown,neutral
youtube_iCHGDyv44EA_768,general,youtube,,Bhai blinkit electronic store mai jyada paise milte hai lekin distance jyada milta hai,False,price_value,none,unknown,unknown,['electronics_accessories'],none,none,unknown,negative
youtube_Inxi11hVjGo_794,general,youtube,,"Bhaiya Aap 2 Grocery Delivery aap Earning Review Chod diye 
1. Amazon Now
2. Big Basket",False,other,none,unknown,unknown,[],none,none,unknown,neutral
youtube_Inxi11hVjGo_815,general,youtube,,"FOOD DELIVER ME BHI EK COMPARISON KARIYE.
Zomato vs Swiggy vs Shadowfax",False,other,none,unknown,unknown,[],none,none,unknown,neutral
youtube_Inxi11hVjGo_821,general,youtube,,"1 Kya baat he etna kam  me flipkart me height 17000 week  huatha 
2 zepto me 13000  weekly 
3 Blinkit 8000
 Jadya time Dena chahiye",False,other,none,unknown,unknown,[],none,flipkart,unknown,negative
youtube_GuPT-BDzsHU_839,general,youtube,,why does nikhil always sound smarter and more insightful than the supposed experts. half the time the guests are bullshitting and getting away with it.,False,other,none,unknown,unknown,[],none,none,unknown,neutral
youtube_GuPT-BDzsHU_840,general,youtube,,Mostly quick commerce is successfull in tier 1 and mostly area where it has lots of apartments and villas and offices bcoz laziness has been one of thier weapon in apartments people dont want to go down and buy daily essentials due to day to day work stress or streesed out with traffic so quick come as a way it is my analysis as a delivery agent 😊,False,other,none,unknown,unknown,[],none,none,unknown,neutral
youtube_GuPT-BDzsHU_854,general,youtube,,"Flipkart who has maximum data of consumer behaviour and what they are buying is not able to bring brand of their own, building a brand is not about understanding the consumer.",False,other,none,unknown,unknown,[],none,none,unknown,negative
youtube_GuPT-BDzsHU_864,general,youtube,,"I am very comfortable in receiving 98% of items in 1-2 hours, only in emergency some existential items  is required within 15 to 20 minutes   that's why 10min delivery will never be successful just charge Rs 50-100 for fast delivery  ,and normal delivery",False,delivery_ops,none,unknown,unknown,['other'],none,none,unknown,neutral
youtube_GuPT-BDzsHU_870,general,youtube,,"Quick commerce have whole varuety of items that they can sell in future 
Whole electronics 
Appparel 
Coametics 
Etc etc and consistent revenue will come in next 10 years",False,other,none,unknown,unknown,"['electronics_accessories', 'fashion_apparel', 'beauty_skincare']",none,none,unknown,neutral
youtube_GuPT-BDzsHU_874,general,youtube,,Quick commerce is workable in India because our people are getting to lazy where i have seen in europe or US they travel even miles for buying grocery and they do not because of money but that give them a little workout and keep them away from screen time of mobiles and TV and other side they are calculative towards there calories. In India new zenz are getting more lazy and lazy that is hard to get any item by road. Here even people to get a item for more then 300 meter wants a bike or car but i have seen in foregin people easily travel 1 to 2 miles for there daily needs i was in singapore i used to travel 2 to 3 kms per day for daily needs not that we had no option of cabs but this helps to keep our body movable to match the speed of that country,False,other,none,unknown,unknown,['grocery_staples'],none,none,unknown,neutral
youtube_GuPT-BDzsHU_882,general,youtube,,"I think it will be very successful 
It is changing the habit of people going out for shopping for groceries 

Soon people will associate such products with being available on Swiggy zepto etc.

India s purchasing power is growing strong. Inflation will just lead to order size being effected",False,other,none,unknown,unknown,['grocery_staples'],none,none,unknown,positive
youtube_5zGXUB1Il6A_884,general,youtube,,"Watch the full episode - https://youtu.be/AdI_XWv-ZTk

https://youtu.be/wHQiewz8k9g",False,other,none,unknown,unknown,[],none,none,unknown,neutral
youtube_5zGXUB1Il6A_885,general,youtube,,Small suggestion to Nikhil's team... It's good to mention the name of the person (and company in brackets) to have a better idea of the person talking.,False,other,none,unknown,unknown,[],none,none,unknown,neutral
youtube_5zGXUB1Il6A_890,general,youtube,,"He will be surprised, we are were price conscious but we are reaching time consciousness to.",False,other,none,unknown,unknown,[],none,none,unknown,neutral
youtube_5zGXUB1Il6A_895,general,youtube,,Standard brands are the same across platforms right? Be it ecommerce or quick commerce or a retail store. So how does quality come to be questioned here?,False,other,none,unknown,unknown,[],none,none,unknown,neutral
youtube_5zGXUB1Il6A_896,general,youtube,,Poor quality products with high mrp nd low discount 😂,False,price_value,none,unknown,unknown,['other'],none,none,unknown,negative
youtube_5zGXUB1Il6A_899,general,youtube,,"I believe countries in Asia, Latin America, maybe Africa have a much better chance at excelling in quick-commerce compared to the West.

Sure population density is one reason.
The bigger reason is, even before quick-commerce, we were so used this notion of ""out of eggs? Let me get it from the local grocery store, which is hardly 10 minutes away""
So, we already have this habit of buying in smaller baskets and getting things on a small notice.

Compare that to the US. People would generally go to a Costco or Walmart and get 2 weeks stuff at one go.
The habits are completely different!!",False,other,none,unknown,unknown,[],none,none,unknown,neutral
youtube_5zGXUB1Il6A_905,general,youtube,,"I was in India last year and i noticed the quality of quick commerce products were not as good, i preferred going to ratnadeep rather than doing zepto or even D-mart. Quality is just bad on D-mart, Instamart, and zepto.",False,trust_quality,none,unknown,unknown,['grocery_staples'],none,offline,unknown,negative
youtube_5zGXUB1Il6A_907,general,youtube,,Poor quality muffled audio.,False,trust_quality,none,unknown,unknown,['electronics_accessories'],none,none,unknown,negative
youtube_5zGXUB1Il6A_908,general,youtube,,"Whoever the guy in white shirt
My kind request/suggestion to you.
Its ""Mumbai"" not Bombay next time onwards please take care of this",False,other,none,unknown,unknown,[],none,none,unknown,neutral
youtube_8zBUTla1f54_915,general,youtube,,"China not opening its market.  So, Amazon n Walmart realized that, India is our only big hope. They don't wanna miss India. Let's see",False,other,none,unknown,unknown,[],none,none,unknown,neutral
youtube_8zBUTla1f54_921,general,youtube,,"As suggest, Thanks for changing thumbnail title english to hindi as channel in Hindi language..  par kabhi kabhi Hinglish chalta hai
क्विक कॉमर्स की दौड aisa bhi chal sakta tha 😊",False,other,none,unknown,unknown,[],none,none,unknown,neutral
youtube_k3_B6TUANAI_935,general,youtube,,Iske uper details video,False,other,none,unknown,unknown,[],none,none,unknown,unknown
appstore_14248452858_1185,zepto,appstore,2.0,"Option when no app available 
Worst quality nd no customer support",False,app_ux,none,unknown,unknown,[],none,none,unknown,negative
appstore_14248450163_1186,zepto,appstore,1.0,"Zepto pathetic experience
I ordered fox nut and received bad quality of the product.i have raised support ticket for the same and the assigned customer support was not helping me out .on the other hand she misbehaved with me and don’t even try to listen my problem and abruptly cut my call. I have attached the proper evidence of the product. Order id is PQIGRJCCS29449R1
#Bycott #zepto",False,returns_support,none,replenishment,low,['snacks_beverages'],none,none,unknown,negative
appstore_14248061115_1188,zepto,appstore,2.0,"For 3 times have received expired products and bread received were stinking and oil packets were looking as if picked from roadside.

Inventory management is too bad.",False,trust_quality,none,replenishment,unknown,['grocery_staples'],none,none,unknown,negative
appstore_14247926729_1192,zepto,appstore,1.0,Be careful. They do not have any customer support in app. They will ask you to mail but they never refund or replace even if you provide pics of rotten or expired products. I m deleting the app. Order Id - RIOQRGGHO59002,False,returns_support,none,unknown,unknown,['grocery_staples'],none,none,unknown,negative
appstore_14247411502_1195,zepto,appstore,1.0,"This has been the worst online shopping experience I’ve ever had. I ordered premium facial skincare products, and they arrived in an unacceptable condition with dirty and stained packaging. Instead of resolving the issue immediately, customer support made me spend a long time explaining everything and uploading multiple photos. They kept changing the resolution and finally asked me to try again later because the store was “unserviceable.” The next day, I had to start the complaint from scratch again. This is completely unacceptable. Zepto has very poor quality control and one of the worst customer support experiences I’ve had. I have completely lost trust in this platform and will never order from Zepto again. I cannot recommend this app to anyone, especially for skincare or personal care products.",True,returns_support,trust_quality,unknown,high,['beauty_skincare'],none,none,unknown,negative
playstore_38d3cfbc-8bc9-492f-adf7-e2aef049e979_1207,bigbasket,playstore,5.0,"Great Service, Much better than Blinkit",False,other,none,unknown,unknown,[],none,blinkit,unknown,positive
playstore_1f09c7e4-8302-440e-9ae0-abcd9159a0e7_1268,bigbasket,playstore,5.0,ontime quality delivery,False,other,none,unknown,unknown,[],none,none,unknown,positive
playstore_8d0fd31a-3bdc-4cd2-879d-4977b7e3e75c_1282,bigbasket,playstore,1.0,"This is my first time using Bigbasket and my first two orders have been cancelled by you after reaching my location, which shows on your app, but actually, on the map, the delivery boy was far from my location. I also tried to call the rider, but was unable to reach them. Obviously I got my refund but that is not the concern. The thing is your service I urgently required those items and at last I ordered from my all-time app Blinkit. Please improve your service or rather don't accept the order.",False,delivery_ops,none,urgent_need,unknown,[],none,blinkit,new_user,negative
playstore_6f053209-a641-4e3e-80c6-aa846b2a217a_1289,bigbasket,playstore,1.0,"This is by far the worst experience I've had with BigBasket. I received an expired ice cream that smelled rotten the moment I opened it. Selling and delivering expired food is completely irresponsible, unacceptable, and a serious threat to customer health. This is not a small mistake—it is gross negligence and shows a complete failure in quality control. I trusted BigBasket to deliver safe products, but this experience has destroyed that trust. I expect an immediate refund, strict action against",False,trust_quality,none,replenishment,unknown,['snacks_beverages'],none,none,unknown,negative
playstore_07bfbada-d323-416c-a659-16988f17039a_1296,bigbasket,playstore,1.0,"third class service, I don't recommend anyone not to purchase any item from Bigbasket. they are making fool",False,other,none,unknown,unknown,[],none,none,unknown,negative
playstore_d5612152-f0fa-42b9-9498-32c89b2e5642_1303,bigbasket,playstore,1.0,my starting experience in this app is good but second time when I ordered something and pay online then the delivery boy said the scanner is expired and I pay for my order two times he said that money will came back within 24 hour but still 7 days is gone but there is no refund over all don't pay online because if you pay expired scanner then there is no chance to get your money back,False,returns_support,none,unknown,unknown,['other'],none,none,unknown,negative
playstore_777838bc-6817-4bda-9881-d9534247b4b9_1307,bigbasket,playstore,2.0,Surat Big Basket Is Risky. They sent me a Rotten Product and every time the return pick up is automatically rejected saying rejected by customer. Irresponsible pick up team. And why deliver a rotten product at all.? I am down rating due to this experience.,False,returns_support,none,replenishment,unknown,['grocery_staples'],none,none,unknown,negative
playstore_49287b1f-5ef0-40cf-afd9-c17b8b894103_1319,bigbasket,playstore,1.0,The new combined app is bad. it's crowded and confusing. high chances of placing 10 minutes order even when we press bbdaily and select an item. the cart is set to default 10 minutes delivery. keep things separate even if it's the same app. second thing. bbwallet is a good feature for subscriptions. now then the regular order takes money from bbwallet without giving an option. so The money in wallet goes negative and the subscription fails.,False,app_ux,none,replenishment,low,['grocery_staples'],none,none,autopilot_narrow,negative
playstore_ff2f4a49-b3b9-4537-ac29-cfd18a3027d1_1333,bigbasket,playstore,1.0,"BigBasket has become the worst delivery app to use. Products arrive dusty, dirty, and in very bad condition. Milk and curd are either stale or already near expiry. Even delivery partner has cancelled the confirmed orders without any information. Who gave him the right to do that? This is pathetic and hopeless service.",False,delivery_ops,none,unknown,unknown,['grocery_staples'],none,none,unknown,negative
playstore_58e0c5bf-1b35-4e6b-8e79-5e4aad38e45f_1349,bigbasket,playstore,5.0,Good Quality and Good service,False,other,none,unknown,unknown,[],none,none,unknown,positive
playstore_6fad55be-e65c-483b-92c2-9cda07e04039_1352,bigbasket,playstore,1.0,"One of the worst online shopping experiences I've had. BigBasket delivers defective products, and when you raise a complaint, they promise a refund only after pickup—but the pickup never happens, leaving you without a refund. Their customer support is equally disappointing. The agents are rude, unprofessional, and offer no real solution. I strongly recommend avoiding BigBasket if you want reliable service and hassle-free shopping.",False,returns_support,none,unknown,unknown,[],none,none,unknown,negative
playstore_4dd7f9fd-7306-4ec9-8e1b-657fb2dcc039_1362,bigbasket,playstore,1.0,Couldnot provide help rapidly vegetables of poor quality,False,trust_quality,none,replenishment,low,['grocery_staples'],none,none,unknown,negative
playstore_a1319d30-ca67-45b5-aa7e-1ed469aa8f95_1364,bigbasket,playstore,5.0,goog quality,False,other,none,unknown,unknown,[],none,none,unknown,positive
playstore_a241431a-8691-41b9-bf43-df657436a9c7_1409,bigbasket,playstore,1.0,"No one should trust this, it is a fraudulent service. I ordered Daawat Sona Masuri rice, but they sent me ration rice instead. When I tried to return it, the delivery person refused to accept the return, claiming that the packet had already been opened.. Without opening it, how can anyone know the quality of the rice?",False,returns_support,none,replenishment,unknown,['grocery_staples'],none,none,unknown,negative
playstore_f806a6f2-623c-4dcc-8ec0-95f769f7318c_1440,bigbasket,playstore,5.0,best quality,False,other,none,unknown,unknown,[],none,none,unknown,positive
playstore_084ebac9-3920-4926-adb0-8b6b24bf5cb9_1449,bigbasket,playstore,5.0,thank you Bigbasket Good quality and good service,False,other,none,unknown,unknown,[],none,none,unknown,positive
playstore_9bea616b-69b1-4b0f-8f87-4e7c7914ffee_1472,bigbasket,playstore,1.0,Fake promotion and these people give fake promo codes on watsaap and when I apply it doesn't work. Please be ellthical. I try Zepto when it comes to coupons ans delivery.,True,price_value,mental_availability,unknown,unknown,[],none,zepto,unknown,negative
playstore_a92a2634-77e2-4d7b-89ca-84a147f6117e_1474,bigbasket,playstore,3.0,"At first, it supported my delivery location but now, it does not deliver to my location. Pls reply 😢😭😭but this app deliver a better rating 🙃",False,delivery_ops,none,unknown,unknown,[],none,none,unknown,negative
playstore_4645b331-9d2a-4a0c-b2c6-39f25f3e20c1_1485,bigbasket,playstore,5.0,i regularly use this application for purchasing grocery items and user friendly application. thanks,False,habit_convenience,none,replenishment,low,['grocery_staples'],none,none,autopilot_narrow,positive
playstore_7111e653-b8c0-4fbd-9966-c55fb96b9c26_1489,bigbasket,playstore,1.0,"I've been using BigBasket for a while, but their billing system is disappointing. They falsely added a due amount to my BB Wallet, claiming I underpaid, even though I had already paid the delivery executive in full (and even paid extra twice). Customer support was of no help despite multiple complaints. Poor service and an unreliable billing system. Wouldn't recommend. 😠",False,returns_support,none,unknown,unknown,[],none,none,unknown,negative
playstore_28e579ca-8333-4601-ad60-ac5752eae130_1496,bigbasket,playstore,1.0,"sends paper in the name of vinyl, marks it as returnable, only for the app to show it as non returnable.. their products are mostly con,lies, cheats... uninstall asap.",False,returns_support,none,unknown,unknown,['other'],none,none,unknown,negative
playstore_cbc52bdb-5c11-4b2f-ae08-55e886a374eb_1512,bigbasket,playstore,1.0,"There is no guarantee what you order will be delivered. because BB don't know what is out of stock. and recently I wasted my 2 hours and 30 Rs. over milk packet that had turned sour, they didn't refund money.",False,returns_support,none,replenishment,low,['grocery_staples'],none,none,unknown,negative
playstore_0d45df6a-c397-45a7-b637-b5582695f60c_1515,bigbasket,playstore,5.0,"best app for grocery shopping 😊,",False,other,none,unknown,unknown,['grocery_staples'],none,none,unknown,positive
playstore_2b3bf6bb-9e51-4e2f-a57d-0fc50df8430b_1521,bigbasket,playstore,1.0,"I am regular customer but they provide very low quality Bread and if you reorder it they again provide you the same Bread and also most of time they return your amount in bb wallet, so that, you have to buy something again product",False,trust_quality,none,replenishment,low,['grocery_staples'],none,none,autopilot_narrow,negative
playstore_93e1b84b-7c15-4907-8469-d13b713955d3_1556,bigbasket,playstore,1.0,very bad experience I had with Bigbasket team I have ordered Avacados they are completely spoiled.i have uploaded all the pics in the app .but they didn't refund my amount back.worst customer support worst app compare with other applications,False,returns_support,none,replenishment,low,['grocery_staples'],none,other,unknown,negative
playstore_a1027a25-afc3-42c6-a557-e2bab56ae070_1558,bigbasket,playstore,5.0,Arrange all needs in suitable price.,False,other,none,unknown,unknown,[],none,none,unknown,neutral
playstore_26c57e7f-7c21-4b67-8842-5e14e30c8961_1564,bigbasket,playstore,5.0,Great service and product Quality,False,other,none,unknown,unknown,[],none,none,unknown,positive
playstore_0df31d1d-206b-4c29-ba94-f77a6248fd0a_1602,bigbasket,playstore,1.0,mentioned if I pay with Amazon pay get cashback .I pay by Amazon but not get cashback till now,False,other,none,unknown,unknown,[],none,amazon,unknown,negative
playstore_ba861462-3a53-4270-89f7-10711ae29c10_1613,bigbasket,playstore,1.0,Got used and rusted item on click return so error and no way to call customer care only bot replying. wasted 2k also i installed after reading reviews but now I am sure other reviews are ai generated. not trustable like Instamart or zepto,False,returns_support,none,unknown,unknown,['other'],none,zepto,unknown,negative
playstore_1ba1d7f1-df75-4fea-a40a-4cd722ac48cc_1635,bigbasket,playstore,4.0,good quality less price,False,other,none,unknown,unknown,[],none,none,unknown,positive
playstore_393c86c6-d7ba-463a-ba54-528572c393f5_1636,bigbasket,playstore,5.0,TATA is address for quality,False,other,none,unknown,unknown,['other'],none,none,unknown,positive
playstore_b5e68aa9-e14c-4198-ab50-73d219ddfda5_1642,bigbasket,playstore,5.0,Trust of TATA.,False,other,none,unknown,unknown,[],none,none,unknown,neutral
playstore_2d9ab025-ba13-4c02-bf0a-6e7753bc2e66_1661,bigbasket,playstore,5.0,best app for groceries and electronic,False,other,none,unknown,unknown,"['grocery_staples', 'electronics_accessories']",none,none,unknown,positive
playstore_30678cbe-0205-456b-9bc9-d308180dc02a_1670,bigbasket,playstore,3.0,"i don't know Am I am only person receiving every packet in bad condition.i mean if I am ordering cadbury brownie..the packet should be looking fine right ,but it was completely looking old and the colour of the packet which was purple was faded i check expiry date it was blur but not expired i thought it's okay but then I ordered again other things it was looking same old and fade..then when I ordered aaloo sev and packet was so bad,was looking like expired so I again checked and it was scratch",False,delivery_ops,none,replenishment,low,['snacks_beverages'],none,none,unknown,negative
playstore_38a54f31-994a-4f77-83ae-dfcb85119287_1675,bigbasket,playstore,1.0,Please don't order anything from Bigbasket. We've ordered twice and got damaged and expired products and they've not given us reasonable response. I lost my money. This is completely fraud. if there's any option available of minus rating then I would like to give negative rating My time and money wasted 👎,False,returns_support,none,unknown,unknown,[],none,none,unknown,negative
playstore_93fb88bc-bcb7-462b-b5ea-31ead6084107_1682,bigbasket,playstore,1.0,very pathetic service I ordered a portronics 20000 mah power bank from your app And when I received the product data cable is missing at the same time i registered a complaint in your chat box They demanded me current picture of box I shred all the detailed images They told me with 48 hours our team will call you and give resolution on this after 48 hours I called multiple time on your no. And multiple time I raised complaint on your chat box but till now I did not get any call or not any r,False,returns_support,none,unknown,unknown,['electronics_accessories'],none,none,unknown,negative
playstore_12ad69be-4111-417c-b32b-68863a4c44b1_1694,bigbasket,playstore,1.0,"This has been one of the worst online grocery shopping experiences I've ever had. I placed my order two days ago, and BigBasket committed to delivering it today between 7:00 AM and 10:00 AM. It is now 2:30 PM, and I still haven't received my order. What's even more frustrating is that the order status hasn't been updated at all. I contacted customer support multiple times. Every single time, I was given the same response: ""Your order will be delivered within one hour."" Unfortunately,",False,delivery_ops,none,replenishment,low,['grocery_staples'],none,none,unknown,negative
playstore_a491283f-187e-4a1d-af6f-38e6ad6da646_1712,bigbasket,playstore,5.0,very good sarvice and good quality product 🧡,False,other,none,unknown,unknown,[],none,none,unknown,positive
playstore_6206b158-130f-4f2a-8a48-090d2545838f_1725,bigbasket,playstore,1.0,"worst quality. they gave all the rotten eggs and didn't refund it back. they said someone will come to pickup the return, but nobody did.",False,returns_support,none,replenishment,unknown,['grocery_staples'],none,none,unknown,negative
playstore_b86a1c38-15da-4efd-98f1-8e13383d3cfa_1740,bigbasket,playstore,5.0,very trusted,False,other,none,unknown,unknown,[],none,none,unknown,positive
playstore_b8dcb245-06e8-4155-92dc-126af39f86eb_1760,bigbasket,playstore,5.0,big basket mujhe flipkart se bhi jyada accha laga ye time se pahle call aaya ki wo agye or delivery boy ka webar bhi accha tha ☺️☺️☺️ mere taraf se 5 ⭐⭐⭐⭐⭐,False,other,none,unknown,unknown,[],none,flipkart,unknown,positive
playstore_f5d31c6d-c875-4aca-9de2-207d19fa83fd_1764,bigbasket,playstore,5.0,"Superb app with extremely fast and smooth service! Earlier I faced an order tracking crash, but it turned out to be an issue with the latest Android System WebView update. As soon as I uninstalled that update, the tracking screen started showing properly without any trouble. Now everything is working flawlessly, and the user interface is incredibly fast. Highly recommended for daily grocery shopping. Giving it a well-deserved 5 stars now! Thanks to the team for keeping this awesome app so great.",False,other,none,unknown,unknown,['grocery_staples'],none,none,autopilot_narrow,positive
playstore_5958b1b3-843b-430e-873c-ee2b54ed2c7e_1766,bigbasket,playstore,4.0,Bigbasket is very good and quality is good,False,other,none,unknown,unknown,[],none,none,unknown,positive
playstore_08893fdf-17ad-4285-bd66-8124449b29a9_1803,bigbasket,playstore,5.0,Very good experience 👌. Everything you need is in this app also with good quality. price is reasonable really good app 👌,False,other,none,unknown,unknown,[],none,none,unknown,positive
playstore_baaa12c4-82af-4d8e-ba79-8d01a45f15bd_1810,bigbasket,playstore,5.0,"BigBasket is my go-to for groceries. Delivery is always on time, the offers are excellent, and the prices are very affordable. Great service and a smooth shopping experience. Highly recommended!",False,other,none,unknown,unknown,['grocery_staples'],none,none,unknown,positive
playstore_030ca829-c972-40e2-bf4b-9b40e44a209a_1812,bigbasket,playstore,1.0,"hey Big basket team even after payment is done Cash on delivery orders, your delivery partner named Ahmed Pathan put 64 rupees in BB wallet negative amount, every day I'm facing same issue",False,returns_support,none,unknown,unknown,['other'],none,none,unknown,negative
playstore_b59e3cae-5a0d-4664-821c-2bad35992be2_1877,bigbasket,playstore,1.0,Worst Service I bought a Mouse and they delivered it. When I opened the box I found that the product was defective. I ask the support team to either replace or refund my amount back. They are not responding to chats and calls. After Multiple attempts someone was available on chat and said the product you purchased is non refundable and non returnable. BB it's your responsibility to deliver in Excellent condition and do not deliver any defective product. Same on you and your service. # Cheater,False,returns_support,none,unknown,unknown,['electronics_accessories'],none,none,unknown,negative
playstore_d4938da1-453d-4a58-8448-2d2c3b418554_1902,bigbasket,playstore,5.0,"best Product quality, best service, fastest service and trust TATA Group",False,other,none,unknown,unknown,[],none,none,unknown,positive
playstore_de1e3deb-9ed2-4015-b85d-633cb711d987_1903,bigbasket,playstore,4.0,okay but contact issues and product quality issue,False,trust_quality,none,unknown,unknown,[],none,none,unknown,negative
playstore_c242e94f-16d7-4d60-aae5-851f3e0ee8cd_1916,bigbasket,playstore,1.0,"big basket froud hai, mene inse do product buy kiya inhone mujhe 150 rupees ka discount diya do baad delivered hona tha inhone ek product out of stock kar diya or mera order cancel kar diye 2 mint baad wahi product wapas inke stock me aa gaya or ab mujhe wo dono product 150 rupay mehnga de rahe hai i'm very disappointed fake big basket froud karte hai. first time mera ye experience raha.",False,delivery_ops,none,unknown,unknown,['other'],none,none,unknown,negative
playstore_289366bb-0825-4c4c-907d-9b26ad781eab_1917,bigbasket,playstore,1.0,poor service. handling charges? serge?? hike is that Bigbasket has security issue for delivery pen and pencil.. lol . at the time order placed show 12 min but no delivery after passing one and half hour (1.5+hr) arrogance in customer support..not recommended..,False,delivery_ops,none,unknown,unknown,['stationery_printouts'],none,none,unknown,negative
playstore_acbbced6-7660-461c-ad37-3ac1ba788079_1919,bigbasket,playstore,1.0,"I think BB provides good vegetables only to Shahrukh Khan and not to other customers. Worst experience. Vegetables are of cheap quality. Better than BB is the small shop seller near my house, he atleast gives me quality vegetables and also charges comparatively less.",True,trust_quality,trust_quality,replenishment,low,['grocery_staples'],"when I need to buy vegetables regularly, I want reliable quality assurance, so I can trust the product I receive.",offline,autopilot_narrow,negative
playstore_ee8bfb78-1617-429b-9c7f-2f46a695d749_1968,bigbasket,playstore,5.0,"After merging BB Daily App with Big Basket, I do not see BB Daily option in the app. Please check on this.",False,app_ux,none,unknown,unknown,[],none,none,unknown,negative
playstore_fcc6a622-edb6-4965-b981-c846b9d68c93_1980,bigbasket,playstore,2.0,am not able to add my gift card. shows error message.,False,app_ux,none,unknown,unknown,[],none,none,unknown,negative
playstore_fc5b85b1-4958-4a68-8360-5112b2288bd2_1988,bigbasket,playstore,1.0,"very very very disappointed., this BB took the customer and the customer TIME granted. from the past few months not even a single delivery on time or 10 min delay, each every time they deliver with extra 45 to 60 min delay. every time same reason and same apology. we customers are the biggest fools who trust this company and give orders. They regret it by saying sorry, apology etc. BIGGEST THANK YOU FOR TEACHING US TO NOT DEPEND AND TRUST ON YOUR OF COMPANY. I DON'T WANT YOUR APOLOGY.",False,delivery_ops,none,unknown,unknown,[],none,none,unknown,negative
appstore_14322486762_2003,bigbasket,appstore,5.0,"Some times vegetables are stale and poor quality .
Add more good quality perfume in basket .
Add some quinoa seeds",False,trust_quality,none,unknown,unknown,"['grocery_staples', 'beauty_skincare', 'other']",none,none,unknown,negative
appstore_14322204867_2005,bigbasket,appstore,1.0,"Trying to update address in profile section and it just says incomplete or missing details, despite adding everything correctly.
Worst customer experience. Very pathetic.",False,app_ux,none,unknown,unknown,[],none,none,unknown,negative
appstore_14321243093_2007,bigbasket,appstore,1.0,my order is marked as delivered but i have not received the delivery boy takes my order and marked as delivered because it was prepaid order . no details of delivery boy was there and we are unable to call them we only request call on which they do not speak anything . what is the proof that the order is delivered ?,False,delivery_ops,none,unknown,unknown,['other'],none,none,unknown,negative
appstore_14320859287_2008,bigbasket,appstore,1.0,"I received a close to expiry product- milk. It curdled. Whenever I tried to raised return request it show error and request not processed . I have all my screenshot for error it show me every time .

Store send us an expired or close to expired product deliberately and make sure that customer not able to return it and even not make any complaint about it.

Everytime customer helpline (chat option only) gives you a return product option (only to make it proof for themselves). But this option show error when you tried to return the product. 

I found it very bad experience.",False,returns_support,none,replenishment,low,['grocery_staples'],none,none,unknown,negative
appstore_14320827192_2009,bigbasket,appstore,3.0,"I have faced huge issues with their operations and quality of items, especially the fruits and vegetables. They horrible and every time, you complain, you get automated scripted answer and refund. 

Not worth to use for fruits and vegetables.",False,trust_quality,none,replenishment,low,['grocery_staples'],none,none,unknown,negative
appstore_14319651924_2011,bigbasket,appstore,5.0,I have used other apps like Blinkit and Insta mart daily and can definitely see difference between quality..,False,trust_quality,none,unknown,unknown,['grocery_staples'],none,blinkit,unknown,negative
appstore_14319182412_2012,bigbasket,appstore,1.0,"Below 1 start✡️
Very disappointing experience with BigBasket. I have raised complaints multiple times through customer support, emails, and even posted on X (Twitter) three times, but I still haven’t received a proper resolution.
Over the past two months, around 8–10 of my orders have been cancelled with the reason “customer not reachable,” even when I received no call, no message, and no one rang my doorbell. I reported this repeatedly, but the same issue kept happening.
I also received a product with a broken seal and raised a complaint immediately. Instead of resolving the issue, I kept getting generic replies saying the matter was escalated. No clear timeline, no accountability, and no permanent solution were provided.

The customer support experience has been extremely frustrating. Different executives provide different responses, and no one takes ownership of the issue. This has completely broken my trust in the platform.

I sincerely hope BigBasket improves its quality checks, delivery process, and customer support because my experience has been extremely disappointing.",False,returns_support,none,unknown,unknown,[],none,none,unknown,negative
appstore_14317155291_2016,bigbasket,appstore,5.0,Really nice . Your timely delivery truly helped in an urgent situation.”,False,delivery_ops,none,urgent_need,unknown,[],none,none,unknown,positive
